obj_id,time,feat_name,feat_start,feat_end,vel,vel_err,vel_samperr,pew,pew_err,pew_samperr,area,area_err,area_samperr,spec_flag,feat_flag,notes
739,2453622.5,pW1,3671.822466727737,3919.1730350242265,11423.931678001423,0.0,133.03282475496368,58.548297985766794,0.0,3.1812478678313205,3.3601683975607855e-15,0.0,2.4523603890223733e-16,0,0,
739,2453622.5,pW3,3919.1730350242265,4613.067992103774,,0.0,,142.670444052908,0.0,11.190826783209012,1.231454116302043e-14,0.0,1.0703854854894174e-15,0,0,
739,2453622.5,pW4,4613.067992103774,5302.585063018787,14126.441955239487,0.0,215.2180639673174,159.76997993994922,0.0,3.7809442770319124,1.593680388479616e-14,0.0,5.054982260043334e-16,0,0,
739,2453622.5,pW5,5302.585063018787,5554.313517479819,4696.35361457091,0.0,751.3126271050968,9.621969277636012,0.0,2.9293379505603903,8.345653965331985e-16,0.0,2.6142917103701913e-16,0,0,
739,2453622.5,pW6,5554.313517479819,5847.631890503976,14164.88238545295,0.0,217.532692816132,26.798596051445106,0.0,2.8998212250120385,2.1984737823399856e-15,0.0,2.623129864049883e-16,0,0,
739,2453622.5,pW7,5847.631890503976,6598.439367722539,9437.280975631724,0.0,815.9308451949869,58.93467610628064,0.0,14.637446354391216,4.887388419891818e-15,0.0,1.2262109928619734e-15,0,0,
762,2453622.5,pW1,3613.129122817834,3920.428614249468,13863.348446691709,0.0,160.91720712098257,88.68376866576432,0.0,3.065347934433904,4.445459351014059e-15,0.0,2.1861093697694856e-16,0,0,
762,2453622.5,pW2,3920.428614249468,4071.0257160106653,10487.958601539956,0.0,1091.1587940485335,9.177511135722508,0.0,1.2538682470412708,5.272233886825286e-16,0.0,7.63134797578546e-17,0,0,
762,2453622.5,pW3,4071.0257160106653,4604.220860084102,11427.696567894343,0.0,375.1913049245198,102.04752636681611,0.0,8.044757183795298,5.827241500747037e-15,0.0,5.497228596499946e-16,0,0,
762,2453622.5,pW4,4604.220860084102,5161.837155794487,18106.913123705235,0.0,414.30204656518265,129.95911098613206,0.0,9.21774077335664,6.0849184906745216e-15,0.0,5.896879868180601e-16,0,0,
762,2453622.5,pW5,5161.837155794487,5631.944324805804,9340.810583359256,0.0,2310.0428602288625,56.75955074361477,0.0,7.625730159661948,2.0442681741829286e-15,0.0,3.043841037506341e-16,0,0,
762,2453622.5,pW7,5994.191407420577,6319.806762579927,9570.397953362866,0.0,403.1151148361438,51.07064464444272,0.0,8.13042650053603,1.7129467996342882e-15,0.0,3.016457626827298e-16,0,0,
774,2453622.5,pW1,3695.069120142502,3914.616868026878,10136.726407738892,0.0,223.05236397316403,48.60046885174861,0.0,4.963623415536818,3.855056269940754e-15,0.0,5.049108513549415e-16,0,0,
774,2453622.5,pW3,3914.616868026878,4610.96023000357,7624.184965994512,0.0,1759.3939932987225,117.24343837028208,0.0,10.006192363204214,1.20348956114215e-14,0.0,1.1735785539215947e-15,0,0,
774,2453622.5,pW4,4610.96023000357,5358.309634418042,10513.742348323323,0.0,5098.623716076816,90.67646768404212,0.0,6.455608567822888,9.997713830706863e-15,0.0,8.212861248855391e-16,0,0,
774,2453622.5,pW6,5560.1161501501465,5861.717096738771,13686.271030545337,0.0,202.9147427142468,26.565878950506026,0.0,2.398170869444224,2.5317524454539592e-15,0.0,2.49599450122471e-16,0,0,
774,2453622.5,pW7,5861.717096738771,6589.107614981942,6386.485194740811,0.0,993.5072874315357,82.59974866165541,0.0,7.597358653687247,8.294842795779535e-15,0.0,8.45010744628441e-16,0,0,
1032,2453638.5,pW1,3690.573948287784,4005.935821852321,8103.870144951536,0.0,7.249797028238505,59.1704648145491,0.0,6.747851577067458,1.9804388305103067e-15,0.0,2.7481970528737567e-16,0,0,
1032,2453638.5,pW3,4005.935821852321,4619.497018039109,12781.090085234016,0.0,531.6027531406044,116.98165247755735,0.0,6.449971888311706,5.923783895706154e-15,0.0,3.913223612342788e-16,0,0,
1032,2453638.5,pW4,4617.351699171326,5544.12945005487,8915.446017114711,0.0,313.70304321728236,145.285146115764,0.0,5.281359976583472,8.445670316034943e-15,0.0,3.6706432690742574e-16,0,0,
1032,2453638.5,pW6,5550.565406658227,5835.892816073763,12930.22101364253,0.0,654.6258619801313,22.600921428742428,0.0,2.896888244788641,1.2375274526015931e-15,0.0,1.715298512984942e-16,0,0,
1032,2453638.5,pW7,5835.892816073763,6569.5918688565625,5159.105314682173,0.0,1844.0565918920886,60.24538642759814,0.0,13.598562376787525,3.5139980089064608e-15,0.0,8.636822210566018e-16,0,0,
1032,2453638.5,pW8,7826.748725379143,8322.31738383771,21720.50354987213,0.0,16395.096162842892,80.71390601445361,0.0,35.34271226675641,4.977490935002024e-15,0.0,2.21429809829103e-15,0,0,
1112,2453639.5,pW1,3519.8559369104078,4029.288246134433,11963.793351352739,0.0,1318.789129200532,102.54112612646007,0.0,9.851425725536348,1.129516951391124e-15,0.0,1.3905488949299428e-16,0,0,
1112,2453639.5,pW3,4029.288246134433,4635.584445140496,7215.960803159369,0.0,379.86625878860525,78.97799299780903,0.0,11.169901904156012,1.1235399563775804e-15,0.0,1.8027249811726967e-16,0,0,
1112,2453639.5,pW4,4635.584445140496,5550.410070859711,7857.425738387294,0.0,12098.251031812048,139.1990696746468,0.0,23.650429153811807,1.7924626578437906e-15,0.0,3.4666408999205883e-16,0,0,
1112,2453639.5,pW6,5553.997622333114,5973.741144721934,9293.417906576986,0.0,1275.5951778568945,39.50326926723605,0.0,11.793263426975825,4.49974296819709e-16,0.0,1.424368074940081e-16,0,0,
1112,2453639.5,pW7,5973.741144721934,6583.6248952013975,3120.2970468530907,0.0,1310.2233955977895,140.75516821977212,0.0,32.673021068629076,1.8175658645710526e-15,0.0,5.14323297501937e-16,0,0,
1166,2453641.5,pW1,3581.523809791408,4086.751019343191,13576.770199507977,0.0,407.15691635619436,144.4130625196313,0.0,15.019521566832745,4.1736846769312557e-16,0.0,5.914129132010199e-17,0,0,
1166,2453641.5,pW3,4086.751019343191,4553.84787345711,5898.815602789128,0.0,783.0859718429817,138.6191183518212,0.0,21.76538322015985,3.5328986291838726e-16,0.0,7.135441736243624e-17,0,0,
1166,2453641.5,pW4,4553.84787345711,5203.970433672808,16922.09656223111,0.0,1803.7711605329598,200.6609654469093,0.0,40.40527728681271,3.92641933826029e-16,0.0,1.0095582402215715e-16,0,0,
1166,2453641.5,pW5,5203.970433672808,5547.143632613651,7275.365393168927,0.0,1082.415720459421,85.19410958974291,0.0,14.009826753220329,1.4204492509106708e-16,0.0,3.0330556531464557e-17,0,0,
1166,2453641.5,pW6,5619.591307945606,5971.343836859957,-488.6308408934297,0.0,32587.101382538964,64.94174963222082,0.0,20.72882472947453,9.358225080865247e-17,0.0,3.5724384104630285e-17,0,0,
1166,2453641.5,pW7,5971.343836859957,6433.674396544143,8888.998452779511,0.0,3498.559617700051,164.1748086752192,0.0,25.240711732317305,2.2150356197222664e-16,0.0,5.220292356071687e-17,0,0,
1241,2453636.5,pW1,3642.2589148028583,3920.483896170282,13342.751997904514,0.0,100.95273466247896,115.07667582447651,0.0,2.4397637127578444,1.18438977441292e-14,0.0,4.2504481879235046e-16,0,0,
1241,2453636.5,pW2,3921.254602489865,4103.912000229698,8880.358051486175,0.0,215.8534902331644,31.83428328600298,0.0,2.959256700068552,3.985372108272903e-15,0.0,4.3005667138567455e-16,0,0,
1241,2453636.5,pW3,4103.912000229698,4510.844936966541,9366.548067872027,0.0,201.3489140722263,105.1737526729616,0.0,7.558934703174586,1.1945247487791113e-14,0.0,1.1237039870891107e-15,0,0,
1241,2453636.5,pW4,4510.074230646967,5138.9705874220945,16955.8200830375,0.0,286.80882095852417,170.92263799906985,0.0,6.861207903017883,1.5639532288970755e-14,0.0,8.599404361460062e-16,0,0,
1241,2453636.5,pW5,5204.480624586169,5563.6297695092235,7326.042707561809,0.0,432.0748587602118,93.8995303557627,0.0,8.519142833226613,6.955690943507132e-15,0.0,8.423261243191128e-16,0,0,
1241,2453636.5,pW6,5563.6297695092235,5878.848654216368,11879.638123320537,0.0,805.1032613896153,44.475728591207286,0.0,6.522629426887814,2.8250526845249014e-15,0.0,4.8000760903390465e-16,0,0,
1241,2453636.5,pW7,5996.7667211117005,6308.902780540536,10300.760682024615,0.0,46.52102948727559,125.97662047114521,0.0,1.8723048054467368,6.88520083896249e-15,0.0,1.6693981727374958e-16,0,0,
1253,2453637.5,pW1,3565.724361669145,3908.4731328983935,12616.168713618428,0.0,245.78891293342133,104.16833084973626,0.0,14.379762507535697,2.291745306448465e-15,0.0,3.9834173772556966e-16,0,0,
1253,2453637.5,pW2,3909.1310000216704,4084.781521937618,9558.47660741137,0.0,488.8714975485974,22.7317621506808,0.0,6.488651916194447,5.503458788693235e-16,0.0,1.6640502760796635e-16,0,0,
1253,2453637.5,pW3,4084.781521937618,4495.948473988056,9318.706060213432,0.0,262.5639343082024,105.414705931603,0.0,6.761187965952679,2.498992428412414e-15,0.0,2.124396763974295e-16,0,0,
1253,2453637.5,pW4,4510.421550700236,5138.026786310027,18821.68478281673,0.0,1060.6481364244657,180.79556436773217,0.0,16.256703244788927,3.557842601981744e-15,0.0,4.1180115626904216e-16,0,0,
1253,2453637.5,pW5,5217.62870822699,5558.4038780863975,7154.537678767559,0.0,537.7658505216092,88.7846296758527,0.0,6.108893833134638,1.3639705576586607e-15,0.0,1.1951968825581518e-16,0,0,
1253,2453637.5,pW6,5558.4038780863975,5961.676424657463,10673.099902812726,0.0,1760.75789572153,73.30790143238747,0.0,13.221107747698893,1.0673022027278646e-15,0.0,2.2215188778933503e-16,0,0,
1253,2453637.5,pW7,5961.676424657463,6430.735683556609,10278.590399038587,0.0,401.3471501925114,143.16245448429143,0.0,31.01374269311193,2.0835601444713704e-15,0.0,5.653559808003233e-16,0,0,
1253,2453639.5,pW1,3565.029819979765,3922.200555962405,12980.221570317888,0.0,397.2786099495223,96.94895417772608,0.0,18.74122009282577,2.3736730076559744e-15,0.0,5.660020397122473e-16,0,0,
1253,2453639.5,pW2,3922.200555962405,4090.0708018742494,9659.50154444132,0.0,791.289827538352,15.377985640027756,0.0,2.734819677389549,4.092022883033687e-16,0.0,7.864567860832823e-17,0,0,
1253,2453639.5,pW3,4090.0708018742494,4522.247392413247,9551.088367829965,0.0,307.6352413393572,64.16335118604862,0.0,7.648009076160103,1.6043779905826075e-15,0.0,2.264502016342488e-16,0,0,
1253,2453639.5,pW4,4557.9644660115055,5218.7303275793965,15131.250981237414,0.0,573.2079024946712,111.90293802669777,0.0,9.090843608583423,2.2765886121561715e-15,0.0,2.225131549021338e-16,0,0,
1253,2453639.5,pW5,5218.7303275793965,5572.329356202208,8015.9207066843555,0.0,1955.8417887824382,35.265964572327036,0.0,5.149564455532693,5.758118392123059e-16,0.0,9.351725412491279e-17,0,0,
1253,2453639.5,pW6,5572.329356202208,5875.924481787459,11045.725537342558,0.0,913.1105445428868,5.756002703192188,0.0,2.7628700381074203,9.135034986429103e-17,0.0,4.4429665281018965e-17,0,0,
1253,2453639.5,pW7,5875.924481787459,6283.099120807668,8878.176845309868,0.0,334.7097898411149,66.22335093890929,0.0,12.03818510456806,1.0877653267150986e-15,0.0,2.3005624797866667e-16,0,0,
1371,2453638.5,pW1,3696.7402915176,4091.0310689253547,7700.474076424314,0.0,394.7376831576776,64.39846905234593,0.0,5.850763560347363,5.2474553449754715e-15,0.0,5.731871117065498e-16,0,0,
1371,2453638.5,pW3,4091.0310689253547,4621.807115435794,10747.249917075673,0.0,166.106093553257,34.15278786709157,0.0,4.0944881467203125,4.195324874579929e-15,0.0,5.313702071700766e-16,0,0,
1371,2453638.5,pW4,4617.474249749994,5204.577550175828,10981.270328925784,0.0,631.2554031432717,67.032692841333,0.0,14.442959571213384,8.03567213699057e-15,0.0,1.8852644387719055e-15,0,0,
1371,2453638.5,pW5,5204.577550175828,5568.538267782988,6885.1432816579745,0.0,3241.3533571523844,18.474829424743994,0.0,7.435367442726233,2.0038960048161327e-15,0.0,7.972155516355609e-16,0,0,
1371,2453638.5,pW6,5568.538267782988,5964.9954780336475,,0.0,,14.926026637890187,0.0,2.177157511003391,1.6582662583427436e-15,0.0,2.5280789442404767e-16,0,0,
1371,2453638.5,pW7,5964.9954780336475,6398.2820466136,7778.661893514715,0.0,91.23544918269907,25.85141108766953,0.0,2.174294457590344,2.829790737449284e-15,0.0,2.5567729342896456e-16,0,0,
1580,2453637.5,pW1,3759.9391721630186,4041.313238675601,7864.563053010659,0.0,672.8682866348759,93.25808145091699,0.0,46.23121692180084,5.512193810388664e-15,0.0,2.7563149496901653e-15,0,0,
1580,2453637.5,pW3,4041.313238675601,4604.061371700762,9769.281628370642,0.0,1669.367558197865,231.507729552536,0.0,60.96909744553911,1.2102792255455143e-14,0.0,4.17659661151456e-15,0,0,
1580,2453637.5,pW4,4604.061371700762,5175.229676292388,14107.120528111765,0.0,3189.6098028412384,210.4648111262736,0.0,70.09822349044425,9.454158529397024e-15,0.0,3.7131673692811395e-15,0,0,
1580,2453637.5,pW5,5175.229676292388,5556.944120638641,5675.880608820299,0.0,3349.164963209077,117.02563785846584,0.0,62.665579480742466,4.803252096039808e-15,0.0,2.6815863873560918e-15,0,0,
1580,2453637.5,pW6,5556.944120638641,5852.351806428654,12645.319510425568,0.0,2091.7004601939707,68.81894212350124,0.0,19.27596744799095,2.2986648208809147e-15,0.0,7.642578270774911e-16,0,0,
1580,2453637.5,pW7,5852.351806428654,6455.797435358382,8170.06848324888,0.0,1306.9261441762426,227.60512670279624,0.0,21.75452938651945,6.64257607927629e-15,0.0,1.0521150639235095e-15,0,0,
1688,2453641.5,pW1,3671.3052872679937,3926.565635112653,11873.369491195686,0.0,691.7192977957736,85.62048547161892,0.0,8.315569279555035,8.037955118370125e-16,0.0,1.1493813902889479e-16,0,0,
1688,2453641.5,pW2,3926.565635112653,4050.268726760448,,0.0,,16.880941791498543,0.0,3.14992310027948,1.6133946280239743e-16,0.0,3.46894633872771e-17,0,0,
1688,2453641.5,pW3,4050.268726760448,4633.440444528629,5728.522409889959,0.0,753.2358843332694,86.00512620564034,0.0,20.937687832597934,6.799171783612486e-16,0.0,1.9884213204188594e-16,0,0,
1688,2453641.5,pW4,4633.440444528629,5127.27104055118,20507.757492631885,0.0,2115.9557949120167,92.82708033197004,0.0,23.138344579607296,5.59152125006948e-16,0.0,1.7363788346296488e-16,0,0,
1794,2453637.5,pW1,3646.461956821618,3959.1947009199184,13882.814210334243,0.0,224.4264650159864,116.62677106449564,0.0,6.678074311808753,6.22834563958679e-15,0.0,5.760379469519606e-16,0,0,
1794,2453637.5,pW3,3959.920298934067,4615.8609037249325,6387.873947113798,0.0,102.57781037991293,188.99320968233206,0.0,9.375241810866225,1.2746433887188346e-14,0.0,8.655808032307589e-16,0,0,
1794,2453637.5,pW4,4615.8609037249325,5247.856774048882,14488.228957658059,0.0,700.0170254833223,212.134016051684,0.0,14.137327494229133,1.3344236751930406e-14,0.0,1.2636251768498071e-15,0,0,
1794,2453637.5,pW7,5837.76795955217,6278.931552154878,17041.858612179076,0.0,8411.773343040333,38.385453702458726,0.0,21.890292843131093,1.169796535578555e-15,0.0,7.775098573257215e-16,0,0,
2017,2453636.5,pW1,3615.136876986734,3908.0252377409306,13865.174056074837,0.0,323.13891606333755,52.65813875769341,0.0,5.550195790779057,8.08248427772425e-16,0.0,1.0909204174427906e-16,0,0,
2017,2453636.5,pW2,3908.0252377409306,4040.182181008077,,0.0,,17.09211830425717,0.0,1.4389185101443058,2.682215244828059e-16,0.0,2.53316752713793e-17,0,0,
2017,2453636.5,pW3,4036.6103717305828,4647.389758181412,12101.836147319522,0.0,474.42566053113404,73.22622164742401,0.0,9.493938925497137,1.144672013355476e-15,0.0,1.6070704204365246e-16,0,0,
2017,2453636.5,pW4,4647.389758181412,5076.006871480238,17475.40533158381,0.0,1629.035413614946,46.28107477496323,0.0,9.338932774554824,6.5281079985638985e-16,0.0,1.462266367710842e-16,0,0,
2017,2453636.5,pW5,5129.584010642594,5679.642639376098,6870.539851819722,0.0,382.0885769524618,66.7096489620086,0.0,6.723330930123301,7.949339416278625e-16,0.0,9.489198552160279e-17,0,0,
2017,2453636.5,pW6,5679.642639376098,5968.959190852806,4701.143495664942,0.0,4037.683244054439,16.480327200683142,0.0,5.157298248144317,1.7525329385799066e-16,0.0,5.623754893885797e-17,0,0,
2017,2453636.5,pW7,5968.959190852806,6329.711927879316,8917.69768788698,0.0,1719.6037747917185,47.97911053520824,0.0,25.00072501914693,5.254769174900752e-16,0.0,2.8518365323628886e-16,0,0,
2031,2453636.5,pW1,3645.019458445296,3945.213984841348,12665.828735121384,0.0,94.04214690164278,103.28024337540869,0.0,2.306496735266733,2.3886631944496933e-14,0.0,8.456459538204229e-16,0,0,
2031,2453636.5,pW2,3945.213984841348,4067.302667825385,8551.88048047068,0.0,88.9759724558494,12.344049313610412,0.0,0.6888158619767669,3.197917828658016e-15,0.0,1.9963786340059999e-16,0,0,
2031,2453636.5,pW3,4067.302667825385,4608.083716572341,10329.298790549872,0.0,660.0957353027849,122.48709067313557,0.0,12.306007448896684,2.7200920229843462e-14,0.0,3.081963550685575e-15,0,0,
2031,2453636.5,pW4,4608.801885295778,5109.3654855303475,16793.56435241797,0.0,998.0620025797258,103.21155907479248,0.0,16.594825174864734,1.550319021085514e-14,0.0,3.216858334687639e-15,0,0,
2031,2453636.5,pW5,5150.301102766171,5530.930526187008,9285.139785510384,0.0,1249.51129956853,85.8662010203873,0.0,6.613026268907987,9.40348593696871e-15,0.0,9.66240200052007e-16,0,0,
2031,2453636.5,pW6,5667.382583639759,5877.806019606367,8176.797619217384,0.0,1102.6154441841825,19.85806508812559,0.0,6.526541770864832,1.8495882330807764e-15,0.0,6.573449018531577e-16,0,0,
2031,2453636.5,pW7,5877.087850882928,6303.680072603644,9545.965481020412,0.0,145.5814841333233,102.41760122432287,0.0,10.811038735993607,7.68287340086177e-15,0.0,1.0807010794256897e-15,0,0,
2165,2453641.5,pW1,3654.436497900093,3944.2696980060377,11735.782794545226,0.0,196.82666107713348,93.75075042322665,0.0,5.808912478977013,1.2637195465051415e-15,0.0,1.111331594808434e-16,0,0,
2165,2453641.5,pW2,3944.2696980060377,4113.165303823168,9007.508223241231,0.0,483.85994596240965,28.754304100926557,0.0,4.976536871436379,3.7631657509755837e-16,0.0,7.525005249507997e-17,0,0,
2165,2453641.5,pW3,4115.250434759187,4572.936675214262,8047.6357252688185,0.0,316.6252676769677,91.00626747640536,0.0,12.164520051674087,1.005528375401127e-15,0.0,1.67640112935905e-16,0,0,
2165,2453641.5,pW4,4572.936675214262,5232.880616462689,15131.418691304863,0.0,359.9855006234904,214.69036553626648,0.0,12.430555024081054,1.670605710416266e-15,0.0,1.52756662994647e-16,0,0,
2165,2453641.5,pW5,5232.880616462689,5581.097482777032,6154.906438526811,0.0,314.91207590317487,84.68648535817762,0.0,5.29948186377204,4.468239438216926e-16,0.0,3.6558338902820815e-17,0,0,
2165,2453641.5,pW6,5581.097482777032,5922.016390815324,8173.439332751485,0.0,2607.325241032829,62.14724488429623,0.0,21.01091405493357,3.106934808630504e-16,0.0,1.1213255277307635e-16,0,0,
2165,2453641.5,pW7,5919.931259879304,6572.577242851689,9137.197105541129,0.0,241.3460743001196,209.514631767942,0.0,50.31210788907722,1.0305544362123427e-15,0.0,2.9830069506318747e-16,0,0,
2308,2453637.5,pW1,3685.497575444537,3943.6259361896296,11726.883884337054,0.0,200.82906096997138,82.01423922450384,0.0,5.2284980193042,7.521832655115456e-15,0.0,7.740385023845025e-16,0,0,
2308,2453637.5,pW2,3945.789023011521,4066.200856096519,8883.81632083698,0.0,1023.8197147647363,16.706148724965402,0.0,2.3400882055847863,1.777551400511869e-15,0.0,2.876163412293635e-16,0,0,
2308,2453637.5,pW3,4066.200856096519,4614.182850974373,9832.98574367608,0.0,526.0345928903548,110.35111234022035,0.0,12.09463958267909,1.0718525953330614e-14,0.0,1.4900506726378155e-15,0,0,
2308,2453637.5,pW4,4614.182850974373,5143.418093395872,16782.192256151364,0.0,864.8514919018561,147.2086995616275,0.0,16.833238424809092,1.1595923099675718e-14,0.0,1.639431343774914e-15,0,0,
2308,2453637.5,pW5,5229.941566271319,5582.524718238783,,0.0,,85.34710162139102,0.0,4.922785277843565,5.394838290839711e-15,0.0,4.1857764402848877e-16,0,0,
2308,2453637.5,pW6,5582.524718238783,5859.399831440222,12717.853348225293,0.0,455.0892520019098,37.108539954083795,0.0,3.732380238872504,1.987995300249429e-15,0.0,2.296988956126005e-16,0,0,
2308,2453637.5,pW7,5859.399831440222,6559.518932790733,9882.89890454838,0.0,48.426977641711254,203.28022317458738,0.0,23.39085491582929,9.0074648681068e-15,0.0,1.2804938409541087e-15,0,0,
2330,2453641.5,pW1,3548.768486599852,3938.749797012274,,0.0,,157.00442449870198,0.0,13.409723364604723,1.9618881881883048e-15,0.0,2.4353215013329693e-16,0,0,
2330,2453641.5,pW2,3938.749797012274,4186.216690871721,7258.216963854885,0.0,871.6453555204669,50.501158647758245,0.0,7.856038037097116,7.514125112971576e-16,0.0,1.3865533130864323e-16,0,0,
2330,2453641.5,pW3,4188.426216709754,4565.150372093996,7222.906088353728,0.0,472.6202935509299,99.25730009571156,0.0,11.272691523757254,1.3462228550386012e-15,0.0,2.100600450123087e-16,0,0,
2330,2453641.5,pW4,4565.150372093996,5248.998618964513,15359.456628433009,0.0,416.74024673435923,181.05376537654632,0.0,11.372488361701755,2.111177284335927e-15,0.0,1.7280320603088006e-16,0,0,
2330,2453641.5,pW5,5248.998618964513,5558.332236288814,5102.457614579051,0.0,1246.3153229471452,57.41295478403632,0.0,6.5869120488560675,5.100360751815037e-16,0.0,7.113182228552281e-17,0,0,
2330,2453641.5,pW6,5558.332236288814,5880.9230086413045,10040.885769696835,0.0,94.68766451405851,40.043477984822886,0.0,4.320188875537847,3.3203077734638793e-16,0.0,4.1122534089001575e-17,0,0,
2330,2453641.5,pW7,5882.027771560322,6571.3998330259155,9780.052853242929,0.0,194.4535456801741,179.65919294082966,0.0,41.5683935584711,1.4725071023156766e-15,0.0,3.827196145475123e-16,0,0,
2372,2453637.5,pW1,3588.9483277873155,3936.838938828401,17722.188697412243,0.0,389.332334831876,118.82935280949036,0.0,13.090415144564572,3.0863871850534e-15,0.0,5.485505758699183e-16,0,0,
2372,2453637.5,pW2,3936.838938828401,4065.8951332468705,8986.860174953228,0.0,841.1725285751448,18.67188881989136,0.0,6.745630527896688,6.16061451923104e-16,0.0,2.477029150355087e-16,0,0,
2372,2453637.5,pW3,4065.8951332468705,4526.7099144041085,11938.888408779056,0.0,947.859269123914,117.23752591688255,0.0,20.532883937781413,3.864111308593144e-15,0.0,8.804954919423148e-16,0,0,
2372,2453637.5,pW7,5822.181605115561,6568.463077187571,9258.169180562283,0.0,278.99196107549625,223.67365476389483,0.0,44.39035516388078,6.998419671446547e-15,0.0,1.7570723454448451e-15,0,0,
2372,2453638.5,pW1,3566.054559408496,3966.5227931982186,17236.779980859395,0.0,272.3211188342424,132.09750196592657,0.0,15.695990377255516,3.262132968970166e-15,0.0,5.48972553482689e-16,0,0,
2372,2453638.5,pW2,3964.5787726458448,4158.980827883578,,0.0,,14.538369369409473,0.0,10.462814197530989,4.324270898571993e-16,0.0,3.0055559628909733e-16,0,0,
2372,2453638.5,pW3,4160.924848435959,4575.0012260923295,,0.0,,77.18721021012628,0.0,12.530169102322139,2.271837393881141e-15,0.0,4.456595720979223e-16,0,0,
2372,2453638.5,pW4,4575.0012260923295,5177.64759732929,16645.84369696366,0.0,1148.3750116448539,107.0264613861289,0.0,13.889323460705318,2.848670502322837e-15,0.0,4.465653126713154e-16,0,0,
2372,2453638.5,pW5,5177.64759732929,5665.596755976001,7892.687673737467,0.0,825.8398693103136,60.258978818899145,0.0,6.790442830286207,1.4273598611493605e-15,0.0,1.8076580919393376e-16,0,0,
2372,2453638.5,pW7,5968.8639621468665,6573.4543539362085,3196.6463392271376,0.0,5174.806486836817,137.62070285791143,0.0,42.39984864792253,3.898284762066612e-15,0.0,1.4370362189898935e-15,0,0,
2422,2453641.5,pW1,3588.851716467314,3942.798414677181,12529.697853194506,0.0,295.4744550414464,98.00252945257986,0.0,8.227802094315086,2.0620525167530386e-15,0.0,2.2952638202403453e-16,0,0,
2422,2453641.5,pW2,3942.798414677181,4048.7704800094734,9944.439426581228,0.0,222.43158127012643,9.965727598848149,0.0,1.8452757757831508,2.1285706720538003e-16,0.0,4.324676609156112e-17,0,0,
2422,2453641.5,pW3,4048.7704800094734,4590.287733857492,11355.812002222945,0.0,198.65294303606711,99.97276568891623,0.0,7.826887296195433,1.7359318139794712e-15,0.0,1.731344806120528e-16,0,0,
2422,2453641.5,pW4,4587.108571897526,5202.806271478149,15809.380343394356,0.0,533.9975679898988,126.47020779180514,0.0,10.067996435091967,1.5124675776713376e-15,0.0,1.4883538065730658e-16,0,0,
2422,2453641.5,pW5,5202.806271478149,5627.754253460647,9213.463659916624,0.0,405.7465564104728,74.21201229398909,0.0,7.261067902458639,6.690689543188298e-16,0.0,7.690056502085197e-17,0,0,
2422,2453641.5,pW6,5627.754253460647,5834.399780858621,13435.64721028882,0.0,1866.0675723403967,11.398965251084414,0.0,6.189991145325397,9.270936828555635e-17,0.0,4.973805133012601e-17,0,0,
2422,2453641.5,pW7,5835.4595015119385,6319.751840080522,9636.86372208635,0.0,163.8938645911172,89.63962116417736,0.0,15.698625523314107,6.051210211687982e-16,0.0,1.2863513983777748e-16,0,0,
2440,2453638.5,pW1,3534.1349584961213,3954.0651740121057,15125.129657849091,0.0,413.4503254072149,105.841641903811,0.0,9.474519890715252,1.757615760629848e-14,0.0,2.0421865382723047e-15,0,0,
2440,2453638.5,pW2,3954.76273250964,4076.8354695782455,,0.0,,14.384733405115115,0.0,1.7754317196728182,2.6200379518580426e-15,0.0,3.6829461650109267e-16,0,0,
2440,2453638.5,pW3,4076.8354695782455,4647.438320561754,10087.106204698386,0.0,591.0959753112418,82.10385109706847,0.0,9.391493862699182,1.4186005314619445e-14,0.0,1.853368560610919e-15,0,0,
2440,2453638.5,pW4,4648.135879059288,5179.675454180847,16413.70952712219,0.0,1565.6846551776791,93.92480694801763,0.0,13.168594399805341,1.4169436095746472e-14,0.0,2.328456362450688e-15,0,0,
2440,2453638.5,pW5,5179.675454180847,5605.883696174647,7951.238203907736,0.0,728.4906905940926,103.09424529263882,0.0,9.887571897336288,1.3184107736462446e-14,0.0,1.6716231412700445e-15,0,0,
2440,2453638.5,pW6,5605.883696174647,5852.819404301985,9682.600629154496,0.0,76.71829373627054,26.957027905376854,0.0,2.442914760723417,2.829679941526009e-15,0.0,2.8967533184071296e-16,0,0,
2440,2453638.5,pW7,5852.819404301985,6439.466100728798,9485.28857819398,0.0,63.459242498148384,113.9078717407672,0.0,8.777424812652175,1.016439597826824e-14,0.0,9.511693178926651e-16,0,0,
2635,2453638.5,pW1,3549.339620502395,3947.1284577329616,17747.839908143018,0.0,257.5093681383417,131.85199056747442,0.0,9.02599030642735,1.4548835562135185e-14,0.0,1.5335345081645888e-15,0,0,
2635,2453638.5,pW2,3949.3021672260265,4049.2928039069316,10459.10399731598,0.0,515.1940978435995,10.952392031261592,0.0,2.194075320870562,1.4108620623189275e-15,0.0,3.11758653922558e-16,0,0,
2635,2453638.5,pW3,4047.8436642448887,4582.576199538432,11689.120675391743,0.0,548.6455840000551,114.93923825487492,0.0,12.410727654563107,1.3244774725460778e-14,0.0,1.7067118766935835e-15,0,0,
2635,2453638.5,pW4,4581.1270598763895,5195.562276582253,15704.508607261767,0.0,1227.0709183671393,127.44267392566822,0.0,18.16631712227596,1.1665323867007986e-14,0.0,1.9899077689641113e-15,0,0,
2635,2453638.5,pW5,5191.939427427144,5530.313538513984,10245.774481932169,0.0,494.8030259193551,90.90249692496857,0.0,6.927210445455684,7.154062274030196e-15,0.0,7.111818983296615e-16,0,0,
2635,2453638.5,pW6,5589.728264657712,5884.628185883279,9288.989535854464,0.0,974.6594123486607,34.761930166345905,0.0,7.371672922915174,2.503531343266652e-15,0.0,5.923674203499767e-16,0,0,
2635,2453638.5,pW7,5881.00533672818,6449.068084248694,11336.670739876236,0.0,100.01942436569784,130.55268429545592,0.0,15.369268568102903,7.955635577058163e-15,0.0,1.2465002387860342e-15,0,0,
2689,2453637.5,pW1,3657.0354065152037,3918.106397364937,11820.961436414487,0.0,443.8060309931086,103.3319800315753,0.0,9.616016599118561,2.222653611065051e-15,0.0,3.4707438192477726e-16,0,0,
2689,2453637.5,pW2,3915.960608399046,4082.6168847496974,,0.0,,29.27565609665131,0.0,10.062903838161171,6.871969609638593e-16,0.0,2.789256124927214e-16,0,0,
2689,2453637.5,pW3,4082.6168847496974,4547.537827358809,9782.115892899734,0.0,924.2518353140347,136.8749669446634,0.0,18.626402083017442,3.057327643664459e-15,0.0,5.776022711350219e-16,0,0,
2689,2453637.5,pW4,4544.6767754042985,5232.044507477152,12349.36883481401,0.0,1512.122808440592,235.5124066961837,0.0,37.668549802414645,5.15559326359142e-15,0.0,1.26231035986527e-15,0,0,
2789,2453640.5,pW1,3573.3753383982744,3952.9553636202318,13211.117646412542,0.0,216.5663358278161,152.0531566852659,0.0,7.051470619508836,1.3631443705294194e-15,0.0,1.0220369799012208e-16,0,0,
2789,2453640.5,pW2,3952.9553636202318,4093.3479756886186,8577.919155489795,0.0,309.3408567700644,30.037623420735745,0.0,3.0397789304594767,2.8352777192553813e-16,0.0,3.470187263254447e-17,0,0,
2789,2453640.5,pW3,4088.1482493157173,4534.284772110834,8947.542943688584,0.0,366.3457161397217,119.39913460018327,0.0,9.450195766348939,9.09410800144037e-16,0.0,9.681212464980744e-17,0,0,
2789,2453640.5,pW4,4530.124991012515,5129.133469170989,16075.335724688564,0.0,317.3977830373264,186.9087991021673,0.0,7.294514910522091,1.0654645216389439e-15,0.0,6.127962524737963e-17,0,0,
2789,2453640.5,pW5,5178.010897076285,5624.147419871394,6668.984976476657,0.0,1053.5333539383464,111.21991510197651,0.0,19.84372005547365,4.751190584759739e-16,0.0,1.1789026312003575e-16,0,0,
2789,2453640.5,pW6,5623.107474596818,5912.212260930251,8797.207865544333,0.0,529.8472177805927,72.65321088049829,0.0,12.432605428365724,2.944954300143024e-16,0.0,7.067216654362944e-17,0,0,
2789,2453640.5,pW7,5998.527718720449,6435.304734044337,9710.095713085546,0.0,298.3330938557765,156.2519184348045,0.0,42.615156788010026,5.652281450256277e-16,0.0,1.6968396588832468e-16,0,0,
2916,2453638.5,pW1,3609.532076563601,3928.0443485956293,13760.263354895735,0.0,347.51695001567975,111.1113606187628,0.0,8.670610618418005,4.44306378539003e-15,0.0,4.878671447886715e-16,0,0,
2916,2453638.5,pW2,3928.0443485956293,4118.708307259806,10312.174320567165,0.0,174.99090937751305,29.913589565273078,0.0,3.6798533198071706,1.6313400397268143e-15,0.0,2.3282368800785113e-16,0,0,
2916,2453638.5,pW3,4116.491284484645,4506.6872929136625,10781.941337905106,0.0,257.8576135104054,92.6903124538165,0.0,4.397548628657998,5.504507212784782e-15,0.0,3.3432310938500326e-16,0,0,
2916,2453638.5,pW4,4506.6872929136625,5136.321761060489,18172.399845368567,0.0,451.12224811461965,129.88624124189798,0.0,8.359335693197805,7.256633995102833e-15,0.0,5.697610762643246e-16,0,0,
2916,2453638.5,pW5,5186.574277297561,5539.819906140496,,0.0,,49.14101067555913,0.0,8.450474704555187,2.448469062418445e-15,0.0,4.90768714558499e-16,0,0,
2916,2453638.5,pW6,5666.9292119166175,5935.188967711575,10900.615965340601,0.0,369.7207252671045,30.30326502377829,0.0,8.49189483498074,1.3589669800488136e-15,0.0,4.191355654276231e-16,0,0,
2916,2453638.5,pW7,5935.188967711575,6405.936803638248,10937.708803703274,0.0,111.47293674367563,121.51495457218188,0.0,13.933331447222288,5.3225349281140395e-15,0.0,7.987981310117961e-16,0,0,
2916,2453640.5,pW1,3602.606304575657,3924.084266447788,13404.602118674688,0.0,1037.6733897228537,72.99616004967244,0.0,16.589201518598696,2.8966137451832505e-15,0.0,8.263366599928944e-16,0,0,
2916,2453640.5,pW2,3917.6115558060687,4139.8412878384825,,0.0,,25.595780073788372,0.0,9.007293996525958,1.0515052040547436e-15,0.0,3.9765671932617453e-16,0,0,
2916,2453640.5,pW3,4148.471568694114,4567.040190192052,10619.780761146094,0.0,518.6626359647133,78.85064820371943,0.0,12.261993185023911,3.0108407220068244e-15,0.0,5.55764658930223e-16,0,0,
2916,2453640.5,pW4,4564.882619978149,5259.620228856184,,0.0,,82.14027314990106,0.0,42.86125601178547,2.957032887595701e-15,0.0,1.595577003975376e-15,0,0,
2916,2453640.5,pW5,5257.462658642272,5680.346420568035,,0.0,,58.10183808690977,0.0,23.455423643972825,1.9433476511696803e-15,0.0,8.727518167704867e-16,0,0,
2916,2453640.5,pW6,5678.188850354122,5952.200267520307,8363.789392625573,0.0,936.7297986387332,30.944780162488705,0.0,6.381924407636165,8.836867709496006e-16,0.0,1.9988885724002642e-16,0,0,
2916,2453640.5,pW7,5952.200267520307,6379.399169873877,9474.598131998771,0.0,235.5559224775684,74.9271576332041,0.0,6.930802633386053,1.9917329891698694e-15,0.0,2.2081206473067742e-16,0,0,
2916,2453644.5,pW1,3639.027373218677,3923.6574548915705,12459.276661937405,0.0,144.63540694552282,70.84664441267155,0.0,3.494852214821204,5.46152964704545e-15,0.0,3.6062605139801804e-16,0,0,
2916,2453644.5,pW2,3912.87601240396,4094.004246195801,9566.102468796127,0.0,3557.0276084382454,13.799606113027625,0.0,3.3785477140120967,1.2034503551300914e-15,0.0,3.1199539581926166e-16,0,0,
2916,2453644.5,pW3,4104.78568868341,4536.043388187786,8734.012506356115,0.0,106.59090636761437,64.06723969881708,0.0,2.501042545095546,5.261896890874342e-15,0.0,2.4229656161942646e-16,0,0,
2916,2453644.5,pW4,4542.512253680347,5189.398802936912,17462.40385353886,0.0,131.34365260191194,110.50143971569423,0.0,2.5382816574481017,7.780019325274793e-15,0.0,2.0958691848868239e-16,0,0,
2916,2453644.5,pW5,5180.7736489468325,5599.093617466069,7738.169660553793,0.0,232.50590500871527,57.61224875905994,0.0,3.967005151169913,3.2982814077999685e-15,0.0,2.577598623161861e-16,0,0,
2916,2453644.5,pW6,5646.531964411556,5944.099777069571,8791.600709694252,0.0,218.46838909081347,16.940968193618378,0.0,2.0585750283893005,8.401049053807187e-16,0.0,1.091920597458866e-16,0,0,
2916,2453644.5,pW7,5950.56864256214,6347.325726106168,10051.258698514464,0.0,34.561436699550875,78.02578942167158,0.0,1.4507305348439794,3.5485607919813008e-15,0.0,8.174134654180193e-17,0,0,
2992,2453650.5,pW1,3577.7136388968347,3924.067550044624,15201.018205916223,0.0,282.17096389806727,86.06147372852675,0.0,5.424769819905385,7.947913590993302e-15,0.0,6.409065773402281e-16,0,0,
2992,2453650.5,pW2,3924.067550044624,4074.6562070654054,11037.721370812236,0.0,582.6160872300807,13.077053417137735,0.0,2.5724578097549027,1.4697847279425519e-15,0.0,3.1461923292692843e-16,0,0,
2992,2453650.5,pW3,4078.958740123136,4543.632310358687,7797.854881943211,0.0,133.80162165222154,93.65687372306,0.0,6.0407051954234765,1.1328814074079438e-14,0.0,8.604241049856633e-16,0,0,
2992,2453650.5,pW4,4550.086109945297,5208.373667778988,15429.59369816929,0.0,225.6671789611578,208.6197781053524,0.0,6.403537045775262,2.2494488177372986e-14,0.0,1.000549965780279e-15,0,0,
2992,2453650.5,pW5,5208.373667778988,5586.996576859806,6712.311697257875,0.0,1717.392744654947,27.158955382587,0.0,8.355316932342717,2.4351121061106178e-15,0.0,7.778096538974888e-16,0,0,
2992,2453650.5,pW6,5578.391510744327,5913.989089247778,12309.387664387306,0.0,729.7762012413292,26.35506452658523,0.0,5.740537365671292,2.3584558432933456e-15,0.0,5.442785412739717e-16,0,0,
2992,2453650.5,pW7,5909.686556190048,6324.880996261623,10878.866387268416,0.0,117.04581408889703,77.30035245458822,0.0,3.8365153223085295,6.9908397777574395e-15,0.0,4.267559951356152e-16,0,0,
3080,2453639.5,pW1,3483.8661916569463,3918.0795915933313,19624.873317117628,0.0,465.2003881010006,181.5242774309337,0.0,8.797706099304575,6.402831307270645e-15,0.0,5.026104344438405e-16,0,0,
3080,2453639.5,pW2,3914.543651854433,4072.953752156961,9750.66149338686,0.0,467.2465860968946,19.157338252312925,0.0,5.071963877728212,8.42516606871466e-16,0.0,2.465229793510165e-16,0,0,
3080,2453639.5,pW3,4072.2465642091774,4611.830968364654,12504.057946428768,0.0,646.7703944714185,84.38842793675356,0.0,16.25719371636286,3.692040068139046e-15,0.0,8.302563092623593e-16,0,0,
3080,2453639.5,pW4,4611.830968364654,5093.425960802236,16315.021230806511,0.0,865.566519560906,66.2627546974671,0.0,10.447342683285047,2.7823783156831866e-15,0.0,5.000305118496614e-16,0,0,
3080,2453639.5,pW5,5163.437567632374,5660.590694921101,6766.7640199729785,0.0,934.5473641841987,78.649014761297,0.0,8.340151494561653,2.708832772956613e-15,0.0,3.428026510701608e-16,0,0,
3080,2453639.5,pW7,5914.471168173809,6397.480536506948,9409.977523052246,0.0,225.6432270609975,78.63623754417334,0.0,11.769919139168934,2.1424621685036087e-15,0.0,3.709636216809324e-16,0,0,
3080,2453641.5,pW1,3500.12673598189,3923.324200927403,18882.193351992042,0.0,200.5301328767728,137.59288632388262,0.0,5.807090911755171,7.886500926188753e-15,0.0,4.935332820334877e-16,0,0,
3080,2453641.5,pW2,3952.2254912163617,4065.766274494428,10003.431924289542,0.0,819.7557089618878,7.449870628628969,0.0,1.8791808381931547,4.950729904193723e-16,0.0,1.3021531073706078e-16,0,0,
3080,2453641.5,pW3,4065.766274494428,4515.8006518511165,12579.645600802849,0.0,482.8233979245173,68.10376518777339,0.0,6.0033609381570505,4.562836049450893e-15,0.0,4.701885129995299e-16,0,0,
3080,2453641.5,pW4,4509.6075182177665,5120.663370041538,17290.912221619696,0.0,527.6870629226502,74.71496185646484,0.0,9.189723994967304,3.894542473369653e-15,0.0,5.803182175190767e-16,0,0,
3087,2453646.5,pW1,3502.1045984092243,3876.0291981712453,18161.28733606412,0.0,207.02171849751068,130.20192897277045,0.0,4.092857807799579,9.938736179213717e-15,0.0,4.664994618107358e-16,0,0,
3087,2453646.5,pW2,3926.0613629281293,4052.458410735013,,0.0,,6.0863466820902135,0.0,2.085472899083002,4.752706366460579e-16,0.0,1.7039409249341264e-16,0,0,
3087,2453646.5,pW3,4047.1918670763957,4508.014437205648,11705.128404915113,0.0,273.71534883009707,80.2811664761479,0.0,5.445932025619876,5.708418713409582e-15,0.0,4.699276412288027e-16,0,0,
3087,2453646.5,pW4,4579.112776597011,5074.167880507298,19760.548499802462,0.0,165.4508234896054,86.29838364124258,0.0,3.3860996192486663,4.813141121540144e-15,0.0,2.389488356852285e-16,0,0,
3087,2453646.5,pW5,5158.432579045218,5537.623722465854,9707.67052351084,0.0,186.7660417437827,59.105989772771494,0.0,2.8104191212744536,2.612981705171054e-15,0.0,1.4616801271466658e-16,0,0,
3087,2453646.5,pW6,5582.389343564124,5837.816711007194,11134.052309224138,0.0,3771.1456568622243,16.617968510309893,0.0,6.507181755773537,6.828337079440508e-16,0.0,2.763910761190546e-16,0,0,
3317,2453640.5,pW1,3521.539394798125,3912.206922719879,16439.260091560343,0.0,161.4073346626984,98.6104242574204,0.0,5.4644449603838465,6.876104768809165e-15,0.0,4.810790693766802e-16,0,0,
3317,2453640.5,pW2,3908.028660389162,4062.6243666255737,10116.018308193243,0.0,727.1185865726645,12.602158479499767,0.0,1.1133629698539529,9.88553303346667e-16,0.0,9.660668407645892e-17,0,0,
3317,2453640.5,pW3,4066.8026289562895,4580.728895634102,10831.493706646435,0.0,1229.1173234759551,67.71223577847373,0.0,9.23239292738091,4.9891891210237895e-15,0.0,7.650481605930951e-16,0,0,
3317,2453640.5,pW4,4572.372370972677,5107.189949304061,17633.87315153229,0.0,2117.2480125744123,81.69355431361775,0.0,16.74533806393308,4.971724687920598e-15,0.0,1.187020864150647e-15,0,0,
3317,2453640.5,pW5,5151.061703776554,5566.798805682588,9339.797945395103,0.0,7353.1494307617,26.890679449819174,0.0,9.880658793549998,1.3306223537261311e-15,0.0,5.238111609429739e-16,0,0,
3317,2453640.5,pW6,5662.898839289008,5949.1098089429115,10392.083325434414,0.0,86.92840277911877,19.5489068657859,0.0,2.59243358286767,9.477149140599015e-16,0.0,1.3182747896559928e-16,0,0,
3317,2453640.5,pW7,5940.753284281485,6471.3926002821545,9596.71193358116,0.0,140.73544754990735,61.57734688226709,0.0,5.768655821721812,2.9953639677747148e-15,0.0,3.1127807728139264e-16,0,0,
3377,2453655.5,pW1,3679.42035154562,3914.786122182763,11708.16995062598,0.0,240.16476546252042,62.90070781092614,0.0,5.825337587116418,2.466293873376494e-15,0.0,2.907191424900144e-16,0,0,
3377,2453655.5,pW2,3925.6491577506313,4077.7316557007844,,0.0,,18.743144696189717,0.0,1.5959862207219409,7.727295311530897e-16,0.0,7.50063963184383e-17,0,0,
3377,2453655.5,pW3,4168.256952099691,4537.600161407208,9093.102127568174,0.0,215.5852362647388,74.7251590775811,0.0,4.503714365801926,2.7709170150922863e-15,0.0,2.1587915688475064e-16,0,0,
3377,2453655.5,pW4,4533.97914955125,5178.519259911441,16379.370866430734,0.0,280.4397906273776,127.07660256640939,0.0,5.1247618137712765,3.8398941515083496e-15,0.0,1.8969188849940954e-16,0,0,
3377,2453655.5,pW5,5171.277236199523,5544.241457362999,8716.942584570175,0.0,331.1467223317368,49.20230430984036,0.0,4.432775359860063,1.1495098618577399e-15,0.0,1.1709897743984958e-16,0,0,
3377,2453655.5,pW6,5551.483481074916,5884.6165718228785,12935.223422111596,0.0,554.4350870987752,21.40304851030476,0.0,5.6182066664778985,4.617817786322459e-16,0.0,1.2718797116436843e-16,0,0,
3377,2453655.5,pW7,5888.237583678828,6373.4531723769405,8612.55440827894,0.0,200.83771644562748,130.55721411361918,0.0,7.839330016821536,2.4587692404086213e-15,0.0,2.093540941204867e-16,0,0,
3451,2453640.5,pW1,3761.46116925271,3921.518123007352,9416.25893071792,0.0,125.51578137848956,34.601890424640864,0.0,3.81956504924738,5.076773897618103e-16,0.0,7.138856073561643e-17,0,0,
3451,2453640.5,pW2,3921.518123007352,4033.2357283125984,9984.273524415914,0.0,381.61816532728363,15.984398991086836,0.0,2.36258337958152,2.8635493010198755e-16,0.0,4.709299696487061e-17,0,0,
3451,2453640.5,pW3,4032.161520569279,4494.070850196756,13520.115575965283,0.0,269.3452128060211,107.56358322033466,0.0,5.144672670215601,1.6628146866211356e-15,0.0,1.047103649993876e-16,0,0,
3451,2453640.5,pW4,4561.7459380258915,5176.1927672047705,14204.586281882104,0.0,622.6799360282757,120.66266360119468,0.0,17.13595522951564,1.3035410806103382e-15,0.0,2.3499260117628285e-16,0,0,
3451,2453640.5,pW5,5174.04435171813,5532.829737986913,10511.250761031231,0.0,426.78222092149895,67.12737194889023,0.0,5.855615949878316,5.90788698606216e-16,0.0,6.265957131563728e-17,0,0,
3451,2453640.5,pW6,5585.465917409575,5929.212395271884,7035.6646986233,0.0,1192.3855920573073,34.20388154006082,0.0,10.951373051601093,2.6609735621353536e-16,0.0,9.465928932492958e-17,0,0,
3451,2453640.5,pW7,5996.887483101025,6342.782376449974,11348.160693729556,0.0,98.33352368801195,88.79779219019613,0.0,16.115309267754856,6.067185496205227e-16,0.0,1.3034994041145358e-16,0,0,
3452,2453640.5,pW1,3626.082960159328,3945.590308320227,14439.974074374126,0.0,690.6938636862344,99.90446180009762,0.0,5.6854959766327475,1.4874147886033931e-15,0.0,1.2358435162010155e-16,0,0,
3452,2453640.5,pW2,3945.590308320227,4082.989372717063,8496.401146176611,0.0,460.3819155978808,16.782977886979655,0.0,4.9148579077956445,2.6986220117634303e-16,0.0,8.842186279914308e-17,0,0,
3452,2453640.5,pW3,4082.989372717063,4478.829534431758,,0.0,,83.39072864900375,0.0,13.804957266367273,1.1730984062763607e-15,0.0,2.554570721869667e-16,0,0,
3452,2453640.5,pW4,4536.624378979625,5144.015481114848,17355.324570881272,0.0,1428.2595363606802,89.03827075658216,0.0,22.542247147143478,9.04380673349668e-16,0.0,2.714541191682576e-16,0,0,
3452,2453640.5,pW5,5186.543762951965,5656.535800690343,2292.1706249523763,0.0,2387.160332274353,90.86184986904756,0.0,12.073084688683505,7.4617665452893875e-16,0.0,1.1946395498054166e-16,0,0,
3452,2453640.5,pW7,5892.077053942063,6573.620032100969,-597.5697635912641,0.0,6645.18354133246,178.30765686832913,0.0,41.44033544015183,1.190318525551624e-15,0.0,3.473446385817477e-16,0,0,
3592,2453640.5,pW1,3586.7985950857674,3930.6256737670033,14529.937279465928,0.0,87.18904302521895,118.39900811011343,0.0,2.207706005689262,2.1403922100795932e-14,0.0,5.97653644111552e-16,0,0,
3592,2453640.5,pW2,3930.6256737670033,4073.5148493228335,9142.204402374293,0.0,117.40767454878677,11.976047796365128,0.0,1.0586840635590704,2.300408744064561e-15,0.0,2.2163892690728207e-16,0,0,
3592,2453640.5,pW3,4102.539213107617,4522.276166302885,10759.86965889728,0.0,87.92631196434105,66.14487396481607,0.0,1.3982718427137515,1.1022560648336272e-14,0.0,2.7415398351206437e-16,0,0,
3592,2453640.5,pW4,4564.6963902960215,5111.694015470711,16288.594575042594,0.0,444.5341456116414,88.37418804756479,0.0,7.734249462452139,1.1366009962310444e-14,0.0,1.1802432337174116e-15,0,0,
3592,2453640.5,pW5,5221.093540505641,5645.295780437033,4392.9459416234085,0.0,27.29132791890918,58.2529003687341,0.0,2.471290109758301,5.807807771433469e-15,0.0,2.8289699727990837e-16,0,0,
3592,2453640.5,pW6,5643.063137068976,5848.466326930487,9934.089752423972,0.0,693.3171249661801,6.104431442623349,0.0,3.0378567786928703,5.487113208416214e-16,0.0,2.7685816844230955e-16,0,0,
3592,2453640.5,pW7,5946.702635125124,6462.4432531469665,10400.61127853074,0.0,44.124368675633114,70.81356711668647,0.0,4.9617421772665065,5.6188238382961135e-15,0.0,4.321360912085424e-16,0,0,
3592,2453644.5,pW1,3599.588056355703,3938.6645384151207,13946.571239270172,0.0,68.00109007529467,123.88159667789598,0.0,2.3539606866052263,3.0816448063352375e-14,0.0,9.161725827290394e-16,0,0,
3592,2453644.5,pW2,3938.6645384151207,4082.772043290382,8353.62025514942,0.0,1254.9909415732754,16.008687693816984,0.0,1.976114649941327,4.556218746131819e-15,0.0,6.3151890464984935e-16,0,0,
3592,2453644.5,pW3,4091.2489553418586,4523.571469967616,10138.254268848146,0.0,94.36915907255532,89.61591704794174,0.0,2.631701952786824,2.176206566397115e-14,0.0,8.192691516940528e-16,0,0,
3592,2453644.5,pW4,4608.3405904824795,5105.652764169626,17552.738310303048,0.0,191.95658357023567,116.13291430761393,0.0,4.404908656115562,2.014875158960032e-14,0.0,9.939993025404077e-16,0,0,
3592,2453644.5,pW5,5193.247522034976,5563.40601494984,8112.500788821105,0.0,183.91960890802312,74.64790303370798,0.0,2.9463440141581527,9.644632440863195e-15,0.0,4.595045275356155e-16,0,0,
3592,2453644.5,pW6,5563.40601494984,5956.1696066686645,8836.527040203662,0.0,313.7148354180449,17.4710385937583,0.0,4.8782093196690655,1.897591929187315e-15,0.0,5.544914834783613e-16,0,0,
3592,2453644.5,pW7,5961.820881369656,6405.445945397394,10033.850102108216,0.0,31.302019083436928,105.84695889910402,0.0,5.378418565003918,1.0087863935791174e-14,0.0,6.753618129313843e-16,0,0,
3901,2453663.5,pW1,3777.8196394811043,3927.96276091139,,0.0,,6.809025862096528,0.0,7.164583468370832,2.763534835937541e-15,0.0,2.60752003789485e-15,0,0,
3901,2453663.5,pW2,3919.300657751948,4078.1058823416747,8006.768392775503,0.0,2353.604514901353,14.789467142191468,0.0,3.338595467083532,7.788111468848374e-15,0.0,1.9118583585455414e-15,0,0,
3901,2453663.5,pW3,4072.331146902053,4563.183659270291,8206.845540693203,0.0,481.5206293273604,68.55216356546016,0.0,14.069155670048955,3.3826300647894853e-14,0.0,7.795485005207791e-15,0,0,
3901,2453663.5,pW4,4594.944704188238,5235.94033798677,15698.28727292576,0.0,391.5032736221209,92.47701901230394,0.0,4.305388792260359,3.863249330399951e-14,0.0,2.0673305221019435e-15,0,0,
3901,2453663.5,pW5,5238.827705706581,5614.18550928229,6413.09801140992,0.0,153.98996234926938,54.11591611535904,0.0,2.379482885181231,1.874430832283056e-14,0.0,9.76077500541865e-16,0,0,
3901,2453663.5,pW6,5608.410773842668,5879.823339505114,11023.276068906347,0.0,429.652797353872,13.344379299624508,0.0,1.8568530362686808,4.1046892006828966e-15,0.0,5.986539081616077e-16,0,0,
3901,2453663.5,pW7,5874.0486040654805,6411.098999950738,8829.347663549172,0.0,27.64605065338225,55.237439134990616,0.0,3.3270404009753314,1.4530145850228286e-14,0.0,1.009714089876149e-15,0,0,
5391,2453669.5,pW3,3961.578763199255,4544.312932422975,,0.0,,200.72196248618323,0.0,19.92882634621912,2.1518575586568427e-15,0.0,3.1568551996851176e-16,0,0,
5391,2453669.5,pW4,4544.312932422975,5194.20618143312,16269.181062360463,0.0,412.9585761616,310.3323879353086,0.0,11.280011570343111,2.3767823259463324e-15,0.0,1.5482470830229657e-16,0,0,
5391,2453669.5,pW5,5188.006881760529,5581.662410970165,5717.0201418290135,0.0,1789.8617133175187,75.26638979350577,0.0,19.064039517212183,3.3973923008494234e-16,0.0,1.0869846501029014e-16,0,0,
5391,2453669.5,pW6,5581.662410970165,5860.630896236845,11825.678014837444,0.0,626.7879291587087,56.5835313147398,0.0,20.499655285970107,2.1800089188645493e-16,0.0,8.82682872993028e-17,0,0,
5391,2453669.5,pW7,5859.597679624746,6372.07311922575,10150.876234826275,0.0,607.9908118030637,146.25446447701478,0.0,40.55974489067269,4.698436898632628e-16,0.0,1.6630061675889858e-16,0,0,
5395,2453666.5,pW1,3585.6437904694153,3945.525901039801,16268.846101419287,0.0,234.88551019378207,108.07349112890648,0.0,7.908332457311237,1.6675645738226258e-14,0.0,1.6969218733593478e-15,0,0,
5395,2453666.5,pW2,3942.778709356061,4071.896718492003,8725.754461561575,0.0,1082.238169555353,7.316683131412272,0.0,3.2438797740260634,1.1855320441452108e-15,0.0,5.384857988209192e-16,0,0,
5395,2453666.5,pW3,4069.149526808254,4626.829438608176,12443.464036163696,0.0,154.6677672744872,107.36121475869648,0.0,7.6902892703182015,1.612160503113367e-14,0.0,1.4450230863358821e-15,0,0,
5395,2453666.5,pW4,4632.323821975657,5118.576749998245,16908.062388246515,0.0,641.1521758184264,116.33258052176659,0.0,11.351537300073982,1.3653313730401908e-14,0.0,1.6993613127325965e-15,0,0,
5395,2453666.5,pW5,5220.222842296748,5599.335294653343,7490.661828458331,0.0,1904.872700141392,64.69549272519967,0.0,10.992185488045497,6.0136691186230756e-15,0.0,1.213082177710819e-15,0,0,
5395,2453666.5,pW6,5599.335294653343,5970.206171958708,6473.41952214041,0.0,798.0159353033745,42.86586748267227,0.0,12.608385086425402,3.748950563631683e-15,0.0,1.190119539198409e-15,0,0,
5395,2453666.5,pW7,5967.45898027496,6456.459099981297,10541.581511728442,0.0,177.80440674257213,98.66212473723152,0.0,20.38643476724567,7.291614153204545e-15,0.0,1.7284919464610134e-15,0,0,
5533,2453669.5,pW1,3651.8374772309962,3948.889015260003,12555.497054580508,0.0,220.7991343861,119.47323126611357,0.0,6.080782209324679,3.665974166256457e-15,0.0,3.181639264336524e-16,0,0,
5533,2453669.5,pW2,3941.187679088884,4095.21440251133,8551.568974850978,0.0,372.2383362674227,19.244568903629204,0.0,3.530691390510332,7.465622589382717e-16,0.0,1.5114539595880266e-16,0,0,
5533,2453669.5,pW3,4094.114211629741,4530.8899916205355,9618.887031892258,0.0,180.2385301689973,128.96134627012452,0.0,6.560024034955809,4.0120726626976906e-15,0.0,2.952942791039157e-16,0,0,
5533,2453669.5,pW4,4628.806980081945,5143.696312665546,12233.030559506427,0.0,97.15953005324036,139.6802533293595,0.0,4.376766465289076,2.499851480849724e-15,0.0,1.0640804291651244e-16,0,0,
5533,2453669.5,pW5,5213.008338205655,5598.0751467617665,6074.967394815179,0.0,288.16694849748865,91.87164065773874,0.0,5.292132394237957,1.055279561266434e-15,0.0,7.938651516354341e-17,0,0,
5533,2453669.5,pW6,5598.0751467617665,5972.140046501992,9237.7350461277,0.0,1157.6517482956485,52.00005974098107,0.0,10.769225017661952,5.247617994387576e-16,0.0,1.1885768515715302e-16,0,0,
5533,2453669.5,pW7,5967.739282975638,6478.2278520328855,9986.20923269799,0.0,107.94452245718156,102.68494189447658,0.0,17.751846255002985,8.814778745153204e-16,0.0,1.6984013382125982e-16,0,0,
5549,2453665.5,pW1,3542.223754201876,3903.5525096540623,16152.210997759035,0.0,560.1572009997768,149.53315997455073,0.0,20.15310589353827,1.2628605129718314e-14,0.0,2.4438276393546358e-15,0,0,
5549,2453665.5,pW2,3900.815170597608,4130.751651339907,8214.355339519414,0.0,625.3355356379641,21.99413013768718,0.0,6.995994144532835,2.172684437562845e-15,0.0,7.646399029874557e-16,0,0,
5549,2453665.5,pW3,4128.014312283452,4601.573969050329,9727.844548770076,0.0,322.2931352676364,106.55654634170872,0.0,7.222304242938168,8.778670946262564e-15,0.0,6.953498771178809e-16,0,0,
5549,2453665.5,pW4,4596.09929093742,5097.032338268858,17747.10022525305,0.0,451.2795019156113,135.7743749967531,0.0,9.3070202997184,7.780263731828585e-15,0.0,7.42967769853454e-16,0,0,
5549,2453665.5,pW5,5168.203153736716,5548.693282584082,9209.007548026115,0.0,407.0606025222567,96.43918175699051,0.0,7.164643914699447,4.021978203341509e-15,0.0,3.951988753750178e-16,0,0,
5549,2453665.5,pW6,5682.822896350433,5904.547359923361,8361.093138090646,0.0,916.7061562832127,20.572977973496823,0.0,4.594819271444954,7.092919085028405e-16,0.0,1.7137178918494244e-16,0,0,
5549,2453665.5,pW7,5899.07268181045,6495.812596117846,10815.36423139795,0.0,63.49732299394125,150.29809106688475,0.0,11.1236127454426,4.3931733645944345e-15,0.0,4.353796651671433e-16,0,0,
5550,2453667.5,pW1,3608.388427016808,3918.453449713271,16016.788414101453,0.0,392.2863309801992,79.1428461823016,0.0,4.213508054875419,4.762222507402086e-15,0.0,3.34475525790807e-16,0,0,
5550,2453667.5,pW2,3910.5215537838335,4040.316214447461,10919.04124485739,0.0,473.80601637015053,9.898833111820336,0.0,3.5330393058796896,6.46523891418602e-16,0.0,2.438725465925704e-16,0,0,
5550,2453667.5,pW3,4048.248110376907,4531.372680624891,13051.5788145902,0.0,623.5343394916513,86.39240286448583,0.0,10.661318575446094,4.991666800113056e-15,0.0,7.519375238535779e-16,0,0,
5635,2453666.5,pW1,3537.971551582446,3958.247236189966,13311.710597816951,0.0,447.6417456848878,92.57217908618847,0.0,16.552512201811773,4.258188623513528e-15,0.0,9.004087211223264e-16,0,0,
5635,2453666.5,pW2,3951.900791288172,4059.085194073987,9109.478612850518,0.0,180.3730260641183,13.58860348479289,0.0,1.7022050157401332,7.236853167775496e-16,0.0,1.0092659515062387e-16,0,0,
5635,2453666.5,pW3,4104.9206294758105,4516.734387547614,10963.393658375211,0.0,1724.8541044284336,69.67062735706418,0.0,19.945160752133432,3.545838393569886e-15,0.0,1.1776482635723635e-15,0,0,
5635,2453666.5,pW4,4515.324066458324,5133.044703566024,15428.653596112043,0.0,4551.9413233604655,60.07723836209607,0.0,25.44519578533525,2.6172835516017382e-15,0.0,1.1733405973800982e-15,0,0,
5635,2453666.5,pW5,5151.378877726756,5606.207429021811,8018.606255685301,0.0,2620.637092155226,74.52444703584912,0.0,12.404435634802946,2.844340101842277e-15,0.0,5.307347044572797e-16,0,0,
5635,2453666.5,pW7,5971.48059114714,6508.107765620843,10425.997591248226,0.0,3661.06288496859,73.22687454513947,0.0,8.068865431957015,2.3210112589484847e-15,0.0,2.8146815629428996e-16,0,0,
5717,2453670.5,pW1,3581.2714180218704,3915.2898892993826,14429.88568556849,0.0,113.8882758614698,108.76255734818565,0.0,3.0210063228014508,1.7322195374170703e-15,0.0,6.95740938213818e-17,0,0,
5717,2453670.5,pW2,3921.733975561971,4088.206204012179,9628.543166648931,0.0,589.9181650144693,13.797327472486856,0.0,1.8452890421664427,2.4959096078996477e-16,0.0,3.625533600789844e-17,0,0,
5717,2453670.5,pW3,4087.1321896350833,4524.256041114008,9112.788560604316,0.0,122.2867656276879,76.9072049030271,0.0,3.823243921465508,1.3233378043556925e-15,0.0,8.026124649690992e-17,0,0,
5717,2453670.5,pW4,4543.588299901773,5178.330796766752,16932.35522506336,0.0,376.5773739939263,110.98135930941929,0.0,6.534366454809575,1.5873880368066415e-15,0.0,1.1561808759738115e-16,0,0,
5717,2453670.5,pW5,5199.811084308716,5626.194792016662,7328.446584755498,0.0,191.2661458832182,70.06557932954267,0.0,3.1353166456515797,8.349021909043777e-16,0.0,4.5146279739357875e-17,0,0,
5717,2453670.5,pW6,5628.342820770861,5852.811825584364,11117.917999862486,0.0,269.76891335181085,22.16895098645357,0.0,2.4605402357735127,2.409889739178494e-16,0.0,2.956300525384954e-17,0,0,
5717,2453670.5,pW7,5950.547133900292,6391.967042887614,9844.759515831252,0.0,67.8537198662011,85.16614810909259,0.0,6.232153253884244,7.907170124935379e-16,0.0,7.284481452790875e-17,0,0,
5736,2453679.5,pW1,3647.471738947225,3935.6979790014616,12816.188377602535,0.0,471.8359053279326,81.7416113297276,0.0,10.733718477831344,4.535391933218172e-15,0.0,8.261324750138191e-16,0,0,
5736,2453679.5,pW3,3935.6979790014616,4566.192879120104,,0.0,,188.44717485677927,0.0,11.90174231786178,1.2843237778961523e-14,0.0,1.1284600038825695e-15,0,0,
5736,2453679.5,pW4,4562.590051119425,5257.935855250275,14802.40726219775,0.0,200.02753300025475,228.12113160325902,0.0,6.743617396481025,1.3931036508095612e-14,0.0,6.190397324095113e-16,0,0,
5736,2453679.5,pW7,5881.225099367561,6374.812535460438,8350.253531377748,0.0,97.80087635674127,222.7065353148277,0.0,11.38020990215858,8.651616203522536e-15,0.0,8.063335709901325e-16,0,0,
5737,2453670.5,pW1,3640.527099087,3913.3918270363874,13980.851836865111,0.0,768.0702278309756,83.92884108578842,0.0,10.342368124650626,6.082711109096277e-16,0.0,1.0053186314408827e-16,0,0,
5737,2453670.5,pW2,3918.2127586255956,4059.948147348424,9734.479231887899,0.0,549.3015576091932,12.645500432399562,0.0,2.5296212109420755,9.726250797442602e-17,0.0,2.1501877028774658e-17,0,0,
5737,2453670.5,pW3,4059.948147348424,4488.0468724704315,8914.55153676676,0.0,598.5976439513519,78.32701060155985,0.0,17.60908881534913,6.003720502198638e-16,0.0,1.675780990642719e-16,0,0,
5737,2453670.5,pW4,4615.3194664256225,5227.577778255517,17913.525034561884,0.0,1019.4487110437888,122.99151463093901,0.0,13.517924816622509,8.236043367881016e-16,0.0,1.0739849864101004e-16,0,0,
5737,2453670.5,pW5,5230.470337209045,5577.577411632287,5623.762208639095,0.0,1379.7117800157337,75.4519219121062,0.0,12.628448240754924,4.19043064778175e-16,0.0,9.029789492515679e-17,0,0,
5751,2453667.5,pW1,3553.0180335215564,4064.964250333929,16433.335185178275,0.0,187.51625089320368,120.65905832929504,0.0,12.351712169465149,6.660103118580922e-15,0.0,9.116433689386085e-16,0,0,
5751,2453667.5,pW3,4071.584244516853,4531.306062775091,11651.980783446015,0.0,200.19100484885777,82.66230875489521,0.0,4.750742952678754,5.499135101958424e-15,0.0,3.863782503608219e-16,0,0,
5751,2453667.5,pW4,4531.306062775091,5133.7255334206875,16306.554719347261,0.0,400.0204298672561,82.59822239296741,0.0,6.979446988143259,4.822835740351286e-15,0.0,4.65037205877738e-16,0,0,
5751,2453667.5,pW7,5956.075921921027,6414.326630360841,11238.041053669398,0.0,18.732939936268885,59.36494884186695,0.0,7.400921987171783,2.2904451070963806e-15,0.0,3.0918296236495873e-16,0,0,
5844,2453669.5,pW1,3586.177052072819,3925.909672232738,11578.509328660351,0.0,100.06362981264499,117.45790925910211,0.0,7.249819481831371,2.6807444873371947e-15,0.0,2.3988569111661006e-16,0,0,
5844,2453669.5,pW2,3924.886381208155,4053.821050304997,10162.995380069728,0.0,310.37467749713596,18.491703653767683,0.0,3.966955233978035,4.3416018197773124e-16,0.0,1.0382732560539856e-16,0,0,
5844,2453669.5,pW3,4053.821050304997,4492.81289984898,10847.454619821146,0.0,301.9583283991028,91.95529340463453,0.0,10.894757672731386,1.816583431873974e-15,0.0,2.6776322309817996e-16,0,0,
5844,2453669.5,pW4,4505.092392143919,5128.2766261119505,18630.871142521763,0.0,492.97681044443976,191.86542710715068,0.0,10.23723312742798,2.4377761619948622e-15,0.0,1.8689330119886906e-16,0,0,
5844,2453669.5,pW5,5156.928774800137,5636.852265327245,7546.77936161314,0.0,699.4573505949016,90.63198288745413,0.0,13.215706401433895,7.217369382592594e-16,0.0,1.2779065587877772e-16,0,0,
5844,2453669.5,pW6,5634.805683278088,5869.139327906468,,0.0,,34.794212906406905,0.0,7.29060835200581,2.5507771394423724e-16,0.0,6.283800363809398e-17,0,0,
5844,2453669.5,pW7,5989.8876688066775,6351.109400482734,10071.656831372724,0.0,52.93235773311756,97.62266440695313,0.0,8.852812329003136,5.392980972810879e-16,0.0,6.662977136156701e-17,0,0,
5944,2453665.5,pW2,3928.521403326006,4069.3274919345236,9693.42632514526,0.0,690.7648223356267,7.989438059360313,0.0,0.8499260458322291,9.299664654847886e-15,0.0,1.0345014765208269e-15,0,0,
5944,2453665.5,pW3,4066.394031755175,4503.479598477448,11777.60694943957,0.0,114.75954456786008,93.63889669155986,0.0,2.8026395266260757,8.647757980611218e-14,0.0,3.2426968275922192e-15,0,0,
5944,2453665.5,pW4,4579.749563140389,5181.108899905928,16736.728646257052,0.0,197.2414551398139,118.62030039095849,0.0,3.935487725623826,6.938016310753211e-14,0.0,2.7350340813988613e-15,0,0,
5944,2453665.5,pW5,5181.108899905928,5521.390280709842,9681.377786493522,0.0,209.12546919381927,62.28788609437509,0.0,3.6786215613463824,2.575749478911458e-14,0.0,1.8318127478086734e-15,0,0,
5944,2453665.5,pW6,5574.192563938035,5935.008165997358,9303.99510409752,0.0,424.82323992038516,7.329677273052331,0.0,2.1364844570236556,2.465894940228116e-15,0.0,7.52459881984243e-16,0,0,
5944,2453665.5,pW7,5935.008165997358,6480.631759355357,10724.847990077698,0.0,12.081977297010305,73.85590358216704,0.0,2.3837826677244713,2.0723546065314365e-14,0.0,6.904312186096153e-16,0,0,
5944,2453667.5,pW2,3939.9924792905117,4051.4683729959615,,0.0,,11.031566508096722,0.0,1.6739445108079773,8.144324020646165e-15,0.0,1.3766070644935866e-15,0,0,
5944,2453667.5,pW3,4051.4683729959615,4520.840557018901,11450.630464652904,0.0,206.34470799615434,89.7851013420246,0.0,5.891667841152358,5.718650151976547e-14,0.0,4.794381539474938e-15,0,0,
5944,2453667.5,pW4,4594.179960772477,5183.828766951298,16616.410467567264,0.0,174.49853913751255,122.05675019886179,0.0,3.457942155286524,5.3656386157581386e-14,0.0,1.792812172569541e-15,0,0,
5944,2453667.5,pW5,5180.895190801149,5609.197308722082,8616.5172214218,0.0,173.1525362055791,89.0976836848554,0.0,2.507722233896211,2.98707577170462e-14,0.0,1.0718312245311718e-15,0,0,
5944,2453667.5,pW6,5609.197308722082,5931.890685237848,10610.859686215548,0.0,55.540754161020956,17.36453214750686,0.0,1.6435168815705676,4.833815395985444e-15,0.0,4.829951710069129e-16,0,0,
5944,2453667.5,pW7,5967.093599039571,6371.927107759357,10509.87967750722,0.0,16.529397354247557,85.55930884002122,0.0,1.7953536311995295,1.8759147513029586e-14,0.0,5.1555745148057685e-16,0,0,
5957,2453669.5,pW1,3673.2193997652103,3958.104180997992,12472.595000646137,0.0,167.69637132193435,120.47037175771078,0.0,6.458242450660164,1.288986391562982e-15,0.0,1.249106069720476e-16,0,0,
5957,2453669.5,pW2,3958.104180997992,4077.504420191146,8508.705623694399,0.0,415.0098907786586,19.48278659431248,0.0,3.625312334265644,2.281371099208468e-16,0.0,4.836555244304317e-17,0,0,
5957,2453669.5,pW3,4113.115017845239,4551.963265406033,8135.729466798319,0.0,349.48309268524685,136.947962650499,0.0,9.788280008692833,1.3210972640655665e-15,0.0,1.2921736690932932e-16,0,0,
5957,2453669.5,pW4,4584.431751502421,5157.3434255256925,17090.36588274057,0.0,380.86071069992875,226.5289689225985,0.0,10.849154123265722,1.365542801925301e-15,0.0,1.091468004196212e-16,0,0,
5957,2453669.5,pW5,5156.296055006457,5657.9865337215415,7951.2942211398895,0.0,795.6806634535063,131.88359672538027,0.0,17.918462057847695,4.895275725406613e-16,0.0,8.376186881093838e-17,0,0,
5957,2453669.5,pW6,5657.9865337215415,5987.9082472815635,7760.69471554767,0.0,1960.2532201865558,73.03820334960352,0.0,23.89147762479255,2.352855618387224e-16,0.0,8.228640350955597e-17,0,0,
5957,2453669.5,pW7,5987.9082472815635,6307.356255649203,9226.016703578176,0.0,157.4430411179317,155.05382037874614,0.0,9.576909182130425,4.742280706870669e-16,0.0,5.1337383572799336e-17,0,0,
5994,2453666.5,pW1,3663.0813049052504,3929.000113123047,12257.11030770159,0.0,208.21419796145818,127.64951542082807,0.0,3.559704040404875,5.60231832834104e-15,0.0,3.1354504674632174e-16,0,0,
5994,2453666.5,pW2,3927.6005404482157,4092.0503297408027,8622.71528282402,0.0,113.47315982889216,28.154692587062797,0.0,1.7809660053111105,1.5449824847662292e-15,0.0,1.1711669324615989e-16,0,0,
5994,2453666.5,pW3,4092.0503297408027,4548.311021735552,9934.359619791434,0.0,360.44622771213267,126.0417308905096,0.0,7.4802282050833755,6.292919170490011e-15,0.0,5.077515216700215e-16,0,0,
5994,2453666.5,pW4,4547.611235398136,5141.72983586369,17876.37261169593,0.0,503.7116529977226,173.17693946189823,0.0,12.70414472709151,6.342586174427042e-15,0.0,6.649141966457506e-16,0,0,
5994,2453666.5,pW5,5150.827058250095,5574.1977923863205,8314.054979139644,0.0,661.640809150413,164.1392656789445,0.0,14.336221578661787,4.415570495580824e-15,0.0,5.83023889494753e-16,0,0,
5994,2453666.5,pW6,5635.778990078866,5914.293952370138,10903.700973532528,0.0,2093.321641888331,7.574144730436186,0.0,16.997760088060108,1.7748575519621902e-16,0.0,3.291361966934931e-16,0,0,
5994,2453666.5,pW7,5973.076004713019,6387.3495164628575,9320.886284508184,0.0,146.89058459732345,125.0753883680705,0.0,11.328075974018253,2.168168623302139e-15,0.0,2.702288845370374e-16,0,0,
