obj_id,time,feat_name,feat_start,feat_end,vel,vel_err,vel_samperr,pew,pew_err,pew_samperr,area,area_err,area_samperr,notes
2004ef,2453255.66,pW1,3762.7879,4068.8654,4262.146830119602,0.0,1341.1688492068606,10.20035531948356,0.0,19.901073363253253,4.404553635825125e-15,0.0,8.889777345014102e-15,
2004ef,2453255.66,pW2,3929.0819,4068.8654,,0.0,,12.432846357989245,0.0,3.5385390340394824,7.091278432784792e-15,0.0,2.246094028758121e-15,
2004ef,2453255.66,pW3,4073.6855,4466.5251,13225.62353171625,0.0,161.81424299447153,88.34640356982008,0.0,6.506680397231483,5.483886567381993e-14,0.0,5.2004742301803856e-15,
2004ef,2453255.66,pW4,4500.266,5061.8098,21906.333775257,0.0,241.56491583411068,174.7685556622289,0.0,7.198776512852982,9.398515355921919e-14,0.0,5.704729165704404e-15,
2004ef,2453255.66,pW5,5155.8021,5601.663000000001,9043.07976601288,0.0,112.68377550499252,81.63004461468654,0.0,2.5417751971757143,2.9707496189333474e-14,0.0,1.1353161583905985e-15,
2004ef,2453255.66,pW6,5616.1234,5845.0790000000015,11631.25485724601,0.0,122.43426854388146,25.58223505242072,0.0,2.3413346882558845,7.575254899095538e-15,0.0,7.789089149764505e-16,
2004ef,2453255.66,pW7,5842.6689,6401.8027,15212.361167022013,0.0,55.34094927338595,156.66412985657462,0.0,7.954257817661643,4.701931247956043e-14,0.0,3.245205977015332e-15,
2004eo,2453267.52,pW4,4521.6452,5191.6141,17649.913418601016,0.0,91.64094236851385,190.09157695740063,0.0,2.393263253151513,1.006810859724876e-13,0.0,1.7227595044817246e-15,
2004eo,2453267.52,pW5,5191.6141,5595.2773,7976.688442000332,0.0,160.71699363939845,54.17328801607985,0.0,2.430954805865248,2.1063388001033486e-14,0.0,1.0772075841914511e-15,
2004eo,2453267.52,pW6,5595.2773,5926.0569,9588.11489685916,0.0,55.98442919534255,34.83142079379002,0.0,1.9193047587640792,1.1004662364851627e-14,0.0,6.911855060087433e-16,
2004eo,2453267.52,pW7,5934.4666,6357.7524,11643.887666631686,0.0,20.01935527184249,105.84041589065245,0.0,1.4109998578408276,3.162286130335408e-14,0.0,5.39367332579571e-16,
2004eo,2453267.52,pW8,7731.3287,8507.8198,15715.098722258872,0.0,154.39866095132325,256.70589123441187,0.0,7.862313658680832,3.295199271922595e-14,0.0,1.3702321473764928e-15,
2004ey,2453303.56,pW1,3572.9172,3944.0937,14341.552462408908,0.0,310.25800987926795,111.87523614431856,0.0,10.878944044622092,1.0084839191463169e-12,0.0,1.399665418807589e-13,
2004ey,2453303.56,pW2,3952.3421,4067.8192,,0.0,,8.345256960851586,0.0,2.7420192790715308,8.401203838222478e-14,0.0,2.9871616391763316e-14,
2004ey,2453303.56,pW3,3939.9695,4517.3551,11486.687819477314,0.0,240.81499598367023,89.78780872849997,0.0,9.1402330107189,7.322509256542187e-13,0.0,9.443402535619397e-14,
2004ey,2453303.56,pW4,4500.8584,5197.8453,16638.658966731782,0.0,233.77758578435242,132.70919825420506,0.0,6.978655791146172,7.424483803931496e-13,0.0,4.9292546880050335e-14,
2004ey,2453303.56,pW5,5181.3486,5536.0283,9344.122002175238,0.0,250.35844212961902,70.90902379190743,0.0,4.326454019163179,2.8987075306665654e-13,0.0,2.2041373510849705e-14,
2004ey,2453303.56,pW6,5655.6296,5878.3355,9616.68911322704,0.0,68.44399286217195,9.803428937568588,0.0,1.0289933948799683,3.3896679960469925e-14,0.0,3.7583483469777e-15,
2004ey,2453303.56,pW7,5886.5839,6307.2506,10473.324263941318,0.0,51.00379156883979,92.98166055559332,0.0,4.49984550872169,2.7260906186796904e-13,0.0,1.78860288703392e-14,
2004ey,2453303.56,pW8,7936.3029,8583.7996,9783.907346901995,0.0,846.9603110021892,146.48336511598862,0.0,19.80168846283064,1.1347933019000493e-13,0.0,1.8660856613503768e-14,
2004gs,2453352.76,pW1,3784.3256,3911.712,8591.493166333867,0.0,1869.1323475532504,1.2743603795904113,0.0,5.816728997477735,1.6588469417089924e-16,0.0,2.6203582401098076e-15,
2004gs,2453352.76,pW2,3902.8246,4119.0852,9577.988208388779,0.0,200.11613621547764,30.401913384144574,0.0,4.75560985715808,1.786103115671986e-14,0.0,3.189204655110413e-15,
2004gs,2453352.76,pW4,4521.9818,5212.2384,17242.032908392554,0.0,235.45478212848016,164.04997791935781,0.0,7.79967959933504,6.867683076941008e-14,0.0,4.27081645620693e-15,
2004gs,2453352.76,pW5,5212.2384,5564.7729,8183.225231748591,0.0,154.31187558431063,76.55664644857103,0.0,4.2002863260598815,2.3681402620753728e-14,0.0,1.6791751503300145e-15,
2004gs,2453352.76,pW6,5582.5477,5923.2323,10590.729333701513,0.0,13.771058466694178,44.38309980840498,0.0,0.9801124466186788,1.2339356847330878e-14,0.0,3.143353510366816e-16,
2004gs,2453352.76,pW7,5923.2323,6352.7911,11184.504831041848,0.0,28.14334828540427,132.4987256332942,0.0,2.565899360113716,3.506492240800201e-14,0.0,9.264699959221656e-16,
2004gs,2453352.76,pW8,7786.6288,8568.7221,12857.516759921591,0.0,265.1193872173733,252.2393877052329,0.0,15.129677332012378,2.9395571161447625e-14,0.0,2.463441679156837e-15,
2004gu,2453358.83,pW1,3562.31122788068,4042.9829078046105,17373.999766974335,0.0,145.4044626550204,74.70593252837912,0.0,14.268360432821105,3.310589226979287e-14,0.0,7.558251596214232e-15,
2004gu,2453358.83,pW2,3946.8485718198185,4042.9829078046105,,0.0,,1.6328056115619969,0.0,0.7166083914559569,8.9835128560161e-16,0.0,3.997872537825991e-16,
2004gu,2453358.83,pW3,4042.9829078046105,4495.61540639964,14144.525956967556,0.0,215.9357329547519,89.75763059822556,0.0,1.9396857348329317,4.3000151477333326e-14,0.0,1.1685645371653244e-15,
2004gu,2453358.83,pW4,4503.62660106504,5088.44381163915,16507.322873762103,0.0,100.01426447072537,101.94558747143,0.0,3.1743025107140364,3.4594277383861686e-14,0.0,1.3505071957045065e-15,
2004gu,2453358.83,pW5,5160.54456362774,5641.21624355167,8370.82515671518,0.0,265.81505987245663,66.31346317646147,0.0,2.2798147209381905,1.7695380914674998e-14,0.0,6.740236125572603e-16,
2004gu,2453358.83,pW6,5641.21624355167,5801.44013685965,13867.431192347422,0.0,2061.062444791355,-0.14199569861307246,0.0,0.855008025714193,-3.5789277205842445e-17,0.0,1.96211082829427e-16,
2004gu,2453358.83,pW7,5801.44013685965,6262.083830120079,11029.131232997908,0.0,16.580709863528867,55.2059197079541,0.0,2.160473291902779,1.0264161647371391e-14,0.0,4.792321040811723e-16,
2005A,2453384.61,pW1,3779.386,3913.306,9877.839814674386,0.0,1491.7016376389056,35.853689109252116,0.0,6.714684399886568,7.225504946097527e-15,0.0,1.723701857999913e-15,
2005A,2453384.61,pW2,3910.118,4132.254,7438.896878594268,0.0,497.22820505209296,43.53429152221089,0.0,7.194899279935883,1.7866692747457525e-14,0.0,3.55623142404174e-15,
2005A,2453384.61,pW3,4124.814,4574.402,6838.460039461505,0.0,68.14536670381545,127.94231909735569,0.0,6.7121618811936665,5.754724487865522e-14,0.0,4.095374510040729e-15,
2005M,2453405.71,pW1,3789.5779,4084.1925,1691.890322072325,0.0,177.42237553814445,-9.116669944436026,0.0,2.7019604909712127,-1.8037449607569963e-14,0.0,5.459869280899321e-15,
2005M,2453405.71,pW2,3974.084,4084.1925,6921.5709864510645,0.0,474.14946063887277,4.939279593794193,0.0,0.9861128509410818,1.1875891390647392e-14,0.0,2.4726459305159888e-15,
2005M,2453405.71,pW3,4093.1202,4524.6264,11421.45956719834,0.0,75.22399179697794,86.17032831739522,0.0,1.6979147032937547,1.882602814855377e-13,0.0,4.6738069399366725e-15,
2005M,2453405.71,pW4,4542.4818,5152.5423,16253.595608349668,0.0,158.1661465307913,131.83153945689173,0.0,3.3532847172751628,2.147694084209615e-13,0.0,7.177801052494335e-15,
2005M,2453405.71,pW5,5152.5423,5634.6389,7024.917538980309,0.0,159.01091756407612,62.86115486006919,0.0,2.5902057817505595,7.540335732922694e-14,0.0,3.62579484270677e-15,
2005M,2453405.71,pW6,5637.6148,5902.4703,,0.0,,6.539370677104688,0.0,2.11885271767638,6.2504667280003565e-15,0.0,2.0785144287542414e-15,
2005M,2453405.71,pW7,5902.4703,6304.2175,8325.903080924267,0.0,39.38345381419909,44.905281031884925,0.0,3.6745057355525232,3.624259345357224e-14,0.0,3.479360828723583e-15,
2005M,2453405.71,pW8,7827.8807,8214.7483,17755.955020914404,0.0,114.68327461189959,28.95720647243932,0.0,2.472889137385637,8.659890704672712e-15,0.0,7.941558614071173e-16,
2005W,2453404.51,pW7,5875.7907,6340.0686,11234.29240767984,0.0,91.24036473484396,139.32170353844862,0.0,7.575938601762344,4.790222774604144e-13,0.0,3.690053672757662e-14,
2005ag,2453413.89,pW1,3613.3741,3923.3123,15061.149562451152,0.0,290.0875262848898,137.04679169578657,0.0,9.347523520260225,2.596940404636903e-14,0.0,3.108563752431587e-15,
2005ag,2453413.89,pW2,3943.0357,4030.3819,,0.0,,9.16529866097716,0.0,3.1594530664262552,1.7587952250076294e-15,0.0,6.560549452945528e-16,
2005ag,2453413.89,pW3,4038.8347,4500.9245,10935.607529517496,0.0,393.0281571049262,110.08927950795518,0.0,8.115282599055417,1.7327450637640238e-14,0.0,1.7503281872871096e-15,
2005ag,2453413.89,pW4,4500.9245,5084.1719,17126.00669107184,0.0,628.1251569705007,158.88210164010047,0.0,17.3852387609733,1.7170663544817625e-14,0.0,2.5770776439028354e-15,
2005ag,2453413.89,pW5,5179.971,5585.7084,9266.215034388992,0.0,299.52205029076373,99.19755350780828,0.0,7.918878997746407,7.672595204976206e-15,0.0,7.859372647037718e-16,
2005ag,2453413.89,pW6,5619.5198,5909.7348,8065.960338349588,0.0,402.2613083177796,28.915177924602517,0.0,3.618987095947813,1.9526067053444693e-15,0.0,2.714666301617357e-16,
2005ag,2453413.89,pW7,5921.0052,6256.3021,11149.062766793606,0.0,54.9155419862678,117.10466766357555,0.0,4.972272380982451,6.467245237040251e-15,0.0,4.302066583591567e-16,
2005ag,2453413.89,pW8,7811.628599999999,8521.6689,16494.277003494142,0.0,716.45109745993,307.5925164979405,0.0,94.44351051919621,7.13160832454677e-15,0.0,2.7585464119448447e-15,
2005al,2453444.81,pW1,3807.5247,3954.7282,,0.0,,-7.100981462050116,0.0,3.360431622442395,-1.3180973560453827e-14,0.0,5.527308498118679e-15,
2005al,2453444.81,pW2,3957.7324,4002.7947,,0.0,,-1.3769855933266444,0.0,1.656487181947767,-3.0386141866158557e-15,0.0,3.442271926315168e-15,
2005am,2453444.59,pW2,3918.0809,4147.4166,7404.790112184266,0.0,1014.1404996866879,37.43528239736501,0.0,5.650785847575741,3.578142435541881e-13,0.0,6.306160725922225e-14,
2005am,2453444.59,pW3,4177.5924,4591.0001,6574.8232572604575,0.0,97.8042783459198,105.34926711966295,0.0,3.559610379899436,1.0382187856432323e-12,0.0,4.6007841803485877e-14,
2005am,2453444.59,pW4,4591.0001,5221.6733,15922.320325368277,0.0,85.70477698670625,219.99017606765528,0.0,2.2006255640105,2.1590269953244434e-12,0.0,3.5156974295451066e-14,
2005am,2453444.59,pW5,5236.7612,5577.7471,6586.569941626684,0.0,1073.6919519883963,42.468939479629995,0.0,3.9787738221737277,3.046786027866548e-13,0.0,3.3463151978208094e-14,
2005am,2453444.59,pW6,5589.8174,5870.4519,11350.233921796555,0.0,61.32287903432268,36.47507066653417,0.0,1.5275108260159629,2.1920338123290108e-13,0.0,1.0480016617214529e-14,
2005am,2453444.59,pW7,5882.5222,6386.4572,10603.49786937232,0.0,15.766300982362328,127.5097199340568,0.0,2.1461516791637494,6.703188837110597e-13,0.0,1.5524578627002342e-14,
2005am,2453444.59,pW8,7886.191999999999,8661.7087,11352.899397880832,0.0,18.270843463057496,239.96640878013446,0.0,1.6112194343205328,3.9740835658562266e-13,0.0,3.86566869538385e-15,
2005bl,2453475.63,pW1,3737.4496,3954.2562,11790.053548091053,0.0,628.0115705060148,50.933381994722545,0.0,13.294993343912001,4.7354491819543116e-15,0.0,1.738677703172408e-15,
2005bl,2453475.63,pW2,3948.3163,4078.9942,8592.267540884191,0.0,264.0582379475929,17.88093928228044,0.0,3.140937508632547,2.412350216869015e-15,0.0,4.834610777639432e-16,
2005bl,2453475.63,pW3,4087.9041,4539.3369,11722.899828646456,0.0,426.3144284213009,128.8627009055212,0.0,9.67732903578136,1.686090564335963e-14,0.0,1.7383285936624045e-15,
2005bl,2453475.63,pW4,4563.0965,5207.5764,15870.755946016709,0.0,1317.5014918780494,98.55941223510064,0.0,11.158521361703686,1.2010998546583051e-14,0.0,1.6407985204072698e-15,
2005bl,2453475.63,pW5,5207.5764,5566.9407,4737.7072490124465,0.0,386.8750120373523,43.17649181224171,0.0,4.582119677741777,4.3511045886493005e-15,0.0,5.309828498717965e-16,
2005bl,2453475.63,pW6,5566.9407,5950.0646,10403.738758231888,0.0,100.89380177205747,33.60306178499456,0.0,5.948614604776624,2.958409053319303e-15,0.0,5.7203910347453035e-16,
2005bl,2453475.63,pW7,5967.8844,6538.1153,6981.413334610741,0.0,5613.4206700824525,87.72669750581501,0.0,8.01380897229871,6.886678267828685e-15,0.0,7.010570194745657e-16,
2005bl,2453475.63,pW8,7767.6759,8477.4947,11911.472557544135,0.0,162.77886851895735,244.11901169260074,0.0,19.530211493482266,1.1213227386770257e-14,0.0,1.4014237385132006e-15,
2005el,2453639.82,pW1,3771.1437,3935.9637,9458.821435024489,0.0,6671.521016354231,3.983776711957909,0.0,5.994407279563565,1.0930164470445592e-14,0.0,2.481170128759449e-14,
2005el,2453639.82,pW2,3944.9539,4085.8001,9770.32859297035,0.0,78.3077110626223,11.78506171427209,0.0,2.5244930596475275,6.394547327778757e-14,0.0,1.4917743395540222e-14,
2005el,2453639.82,pW3,4085.8001,4502.3453,11853.495825999504,0.0,180.19604945287415,58.16814331445574,0.0,2.9875795372906224,2.544103827513857e-13,0.0,1.5400579129370398e-14,
2005el,2453639.82,pW4,4502.3453,5086.7072,16775.895585315648,0.0,32.081114974881665,75.61825112589662,0.0,1.7492000878883724,2.2627950620521246e-13,0.0,6.185150314151798e-15,
2005el,2453639.82,pW5,5191.5927,5626.1183,8310.162796426825,0.0,1210.5892913463013,69.31418914500944,0.0,6.051204014648064,1.5822914819070287e-13,0.0,1.658521341200901e-14,
2005el,2453639.82,pW6,5632.1117,5880.8401,10546.595306339688,0.0,46.9402788161309,10.885915931013026,0.0,0.5121828024688989,2.056310961573468e-14,0.0,1.0157776728615903e-15,
2005el,2453639.82,pW7,5904.814,6477.189,10877.983980965222,0.0,24.071125052414683,90.75577220524029,0.0,4.486077620464112,1.5373202877842167e-13,0.0,8.392540996687273e-15,
2005el,2453639.82,pW8,7753.7951,8473.0098,15165.605497520713,0.0,185.29692322371776,102.34097009588517,0.0,4.517822563823477,7.269796854025391e-14,0.0,3.5857300993468295e-15,
2005eq,2453648.81,pW1,3784.6178,4059.5036,1376.3297149115506,0.0,109.85534125382685,-5.891397927515447,0.0,3.908868098357213,-4.0499022918097504e-15,0.0,2.5791449631438717e-15,
2005eq,2453648.81,pW3,4062.459400000001,4482.1775,15030.592704986699,0.0,74.8792956005903,84.80265447468675,0.0,3.5089528402378165,5.4901918744070204e-14,0.0,2.856434571122417e-15,
2005eq,2453648.81,pW4,4526.514,5108.7991,15191.795469303115,0.0,3188.1025001452613,88.90013622214273,0.0,2.2428663572573915,4.034400529681466e-14,0.0,1.2401487686506071e-15,
2005eq,2453648.81,pW5,5150.1797,5670.3938,6769.360528487176,0.0,238.9254444164491,52.21800724110103,0.0,2.7823492529786598,1.8213176399540922e-14,0.0,1.0823175973241322e-15,
2005eq,2453648.81,pW6,5670.3938,5868.4298,8430.755672742504,0.0,373.6648283757499,3.3152354598876355,0.0,0.8142340777884117,9.419148607028158e-16,0.0,2.3730322868131545e-16,
2005eq,2453648.81,pW7,5868.4298,6311.7941,10155.88507049327,0.0,59.34266014257165,41.92898158387964,0.0,2.6726998606032057,1.0441078292266873e-14,0.0,7.395766091206844e-16,
2005eq,2453648.81,pW8,7633.0196,8230.0835,20278.296548893853,0.0,407.6909908641308,45.72437977265387,0.0,23.907930696244613,4.652329174023377e-15,0.0,2.5244443995592568e-15,
2005hc,2453661.71,pW2,3919.566,4033.8654,,0.0,,5.391143799683343,0.0,2.9483342943258752,1.6692844744853591e-15,0.0,9.092137755644422e-16,
2005hc,2453661.71,pW3,4103.7149,4484.7127,11850.809305914836,0.0,603.8523000034487,86.1293248492753,0.0,11.04267633647963,1.9700080041456886e-14,0.0,3.1835101383054533e-15,
2005hc,2453661.71,pW4,4545.0374,5059.3844,17160.66449809083,0.0,556.5787502200264,110.59307856304066,0.0,14.585472387913232,1.8274347345351346e-14,0.0,3.023638047749817e-15,
2005hc,2453661.71,pW5,5151.4589,5640.406,10807.078260285272,0.0,785.7676259957381,72.04608676981577,0.0,20.668124970364023,9.490257979125816e-15,0.0,3.1827391975176747e-15,
2005hc,2453661.71,pW6,5649.931,5932.5044,8914.773085431762,0.0,1229.2626115217356,21.08254055731745,0.0,7.832364414557753,2.3390336377890033e-15,0.0,9.65880627388902e-16,
2005hc,2453661.71,pW7,5948.3793,6294.4523,11032.137049906887,0.0,236.6397361614001,105.94628331199598,0.0,9.121147805338484,1.0814228806112398e-14,0.0,1.3026625168205893e-15,
2005hc,2453661.71,pW8,7608.8947,8262.9409,21099.92453013872,0.0,170.12314967820382,150.94748228465352,0.0,31.23542837362667,6.8226656201135e-15,0.0,1.822625142543976e-15,
2005iq,2453698.62,pW1,3700.7772,3957.8477,13153.741866558685,0.0,1888.7019860514706,86.3620640618268,0.0,16.27999032713597,3.891085920718095e-14,0.0,1.2245833930288929e-14,
2005iq,2453698.62,pW2,3962.6082,4148.2702,7673.601952247755,0.0,1047.0302192315473,21.103817861273548,0.0,9.97418894089094,1.5256975940516825e-14,0.0,8.170345376579897e-15,
2005iq,2453698.62,pW3,4167.3125,4607.6646,4963.108627097653,0.0,170.24973164258552,87.59969289513903,0.0,6.326383027317983,8.279314460553802e-14,0.0,6.904215586088881e-15,
2005iq,2453698.62,pW4,4607.6646,5221.7774,15111.793504706047,0.0,170.53697578683486,196.3123830735381,0.0,3.1093463748856647,1.7156686400045636e-13,0.0,4.252737830446781e-15,
2005iq,2453698.62,pW5,5224.1577,5555.0168,5435.614298419398,0.0,1011.6771062216916,26.029389248165582,0.0,2.1530642007755705,1.2951074763073279e-14,0.0,1.1336340156507573e-15,
2005iq,2453698.62,pW6,5569.2985,5893.0169,12089.465638971476,0.0,59.32624051157558,54.540945276758535,0.0,1.6350001368370717,2.2506512872279882e-14,0.0,8.156129162390693e-16,
2005iq,2453698.62,pW7,5895.3972,6530.9325,9866.54510017618,0.0,24.18217681072648,153.43417345002374,0.0,4.5787462951106175,6.747304243083793e-14,0.0,2.4557101784888377e-15,
2005kc,2453698.58,pW1,3798.8693,4099.5629,-3066.2389933378886,0.0,89.29323807175426,406.60530852719063,0.0,21.948340748119158,7.193100006451597e-13,0.0,5.738853342064077e-14,
2005kc,2453698.58,pW3,4145.6369,4533.6287,7996.511039079288,0.0,274.57297966304725,41.112570516325256,0.0,6.195873875487956,2.1256951704827925e-13,0.0,3.1890383723193224e-14,
2005kc,2453698.58,pW4,4548.1784,5101.0666,16400.99277263861,0.0,142.20429069584617,111.68533589933763,0.0,4.498827688705648,4.873365570847941e-13,0.0,2.6318885052624085e-14,
2005kc,2453698.58,pW5,5202.9144,5547.2571,8380.630159452283,0.0,177.53955477770245,73.86955100791678,0.0,3.096593295029308,2.2625476671343594e-13,0.0,1.181957461109888e-14,
2005kc,2453698.58,pW6,5552.107,5957.0734,8994.515661994481,0.0,187.5493220626915,34.35338950709262,0.0,2.9662866548910887,8.966606013408049e-14,0.0,8.230227471446681e-15,
2005kc,2453698.58,pW7,5959.4983,6398.414000000002,9707.975273883903,0.0,9.672883522120264,92.34860067328005,0.0,1.6837160247048852,2.3756554429911395e-13,0.0,5.404274662475515e-15,
2005ke,2453697.72,pW1,3798.3785,4075.119,4022.3131379390443,0.0,364.4261461970205,110.34730927592234,0.0,10.548335470284202,4.06117683061753e-14,0.0,6.359255728387192e-15,
2005ke,2453697.72,pW2,3979.6067,4075.119,,0.0,,5.066415763992238,0.0,3.0530277432156523,3.1031473255196188e-15,0.0,1.774996625267703e-15,
2005ke,2453697.72,pW3,4075.119,4572.2723,10970.823737235583,0.0,536.6899267767591,142.9227364794439,0.0,10.463553997011967,1.9902160655338774e-13,0.0,2.226670717727815e-14,
2005ke,2453697.72,pW4,4577.1703,5255.5519,13510.26627184487,0.0,2213.244292064272,154.41312174262794,0.0,11.249239698380514,2.9316772618788786e-13,0.0,2.8637886938166583e-14,
2005ke,2453697.72,pW5,5255.5519,5578.824000000001,,0.0,,28.4070003829842,0.0,2.425407393514165,4.558295578304264e-14,0.0,4.26568470756956e-15,
2005ke,2453697.72,pW6,5573.9259,5929.0354,9200.257704007188,0.0,25.96472506417229,49.94397940011033,0.0,2.8680647351256283,7.526303904032353e-14,0.0,4.9035361746296975e-15,
2005ke,2453697.72,pW7,5911.8922,6384.5552,8958.968782823033,0.0,12.459821085026329,96.29606826880422,0.0,1.2711041281062825,1.410889734511327e-13,0.0,2.3359556035546646e-15,
2005ki,2453697.85,pW1,3723.2538,4099.9116,-4797.255403685264,0.0,4174.311790115075,99.57536195889416,0.0,36.44597895531575,1.7179374833386368e-14,0.0,9.946832576196388e-15,
2005ki,2453697.85,pW3,4143.3721,4500.714,11071.565093582234,0.0,225.64988582670867,48.7152948520887,0.0,3.03728562820082,1.8229795997337412e-14,0.0,1.3055473165544778e-15,
2005ki,2453697.85,pW4,4500.714,5068.115,17098.496700146832,0.0,110.14197243631682,75.7656866800021,0.0,8.457977546075043,2.4392741289528985e-14,0.0,3.1832232927569595e-15,
2005ki,2453697.85,pW5,5157.4505,5640.345,8576.222725845171,0.0,280.0673649036825,81.66247033256795,0.0,4.329868224172923,2.093615658651921e-14,0.0,1.2641640050191315e-15,
2005ki,2453697.85,pW6,5654.8318,5879.3778,10810.188607851893,0.0,264.9973538789844,22.693975187117424,0.0,4.052818750867308,4.982441577304456e-15,0.0,9.95239902837585e-16,
2005ki,2453697.85,pW7,5884.2067,6393.6604,11702.768832168997,0.0,63.06973390378915,103.59197719682804,0.0,6.785873139721277,2.1155963099382703e-14,0.0,1.620331810444192e-15,
2005na,2453751.69,pW1,3668.8944,3951.5446,11073.542181794684,0.0,85.14654035950741,74.1363023046365,0.0,3.1497113514319377,8.631763182842576e-14,0.0,4.881050710170653e-15,First feature starts after beginning of the spectra.
2005na,2453751.69,pW2,3953.5928,4060.0987000000014,9027.886726336363,0.0,403.33104085352136,13.033534188778159,0.0,1.2886063362289686,1.57190081028052e-14,0.0,1.7519578773508435e-15,
2005na,2453751.69,pW3,4068.2915,4578.2909,6091.666547242739,0.0,53.00402458905496,107.52185901294683,0.0,3.727335114278333,1.1443620301861494e-13,0.0,4.94355892184669e-15,This feature begins right in the middle of the previous one. Will move lower bound to higher wavelength. 
2005na,2453751.69,pW4,4582.3873,5131.3024,16515.989443441318,0.0,353.54421848652987,179.36610755820217,0.0,8.933916450632898,1.7048582948816806e-13,0.0,1.1906141155883164e-14,
2006D,2453751.83,pW1,3675.2716,3927.4757,12275.263299025903,0.0,37.89338362307996,80.54474211747748,0.0,1.6236257706981043,5.882326068175762e-13,0.0,1.793888997493991e-14,
2006D,2453751.83,pW2,3927.4757,4054.6199,9823.626367283156,0.0,497.62357015235773,15.233086984872475,0.0,0.4126702875088675,1.2466413965205956e-13,0.0,3.897526173244438e-15,
2006D,2453751.83,pW3,4054.6199,4502.7511,,0.0,,99.87320054436412,0.0,1.236604434764257,6.879063933107861e-13,0.0,1.0874242636120972e-14,
2006D,2453751.83,pW4,4502.7511,5086.3638,16392.201609616168,0.0,38.68186924069561,92.10761461457452,0.0,2.5799319284055904,4.755011678663707e-13,0.0,1.6146577455321572e-14,
2006ax,2453816.76,pW1,3797.2685,3925.8961,,0.0,,-9.302585543876246,0.0,3.9209566339202073,-2.1275021803575688e-14,0.0,8.449558275480084e-15,
2006ax,2453816.76,pW2,3928.8875,4075.4631,9170.070755591827,0.0,421.9738852063734,4.957375466107322,0.0,0.5044880462029206,1.4465813896189095e-14,0.0,1.5276659703121992e-15,
2006ax,2453816.76,pW3,4084.4372,4524.1642,10663.149629708818,0.0,91.03641758861588,71.28580917450253,0.0,1.988258518248944,1.673399560804266e-13,0.0,5.3954606962213635e-15,Feature begins in the middle of the last one. 
2006ax,2453816.76,pW4,4530.1469,5080.5535,16405.09207835962,0.0,87.14466352463816,89.1089163767313,0.0,2.3777902914714297,1.458044873071964e-13,0.0,4.773058415000167e-15,
2006ax,2453816.76,pW5,5173.285,5636.9428,8246.203699803726,0.0,210.6186785165113,68.5550381120829,0.0,2.5612764904513883,8.807190583847314e-14,0.0,3.752271486833289e-15,
2006ax,2453816.76,pW6,5636.9428,5885.224,10554.719011651085,0.0,75.18994631532377,11.325565776630967,0.0,1.1382359545227316,1.1632901801824859e-14,0.0,1.2260852687419185e-15,
2006ax,2453816.76,pW7,5894.1981,6390.7605,11689.190359126209,0.0,25.359009220811853,90.02152512755734,0.0,2.406704138039648,8.575782989409394e-14,0.0,2.6992593481567114e-15,
2006ax,2453816.76,pW8,7766.7771,8538.5429,16194.378859201577,0.0,109.83391638126972,186.45017672599712,0.0,5.369139832648335,8.928077488573417e-14,0.0,3.314519180160402e-15,
2006bh,2453841.89,pW2,3939.8148,4058.5865,9067.18644409489,0.0,14.968841397530674,20.45326515277468,0.0,0.2596978130486126,1.3250079098307693e-13,0.0,2.0579725986259547e-15,
2006bh,2453841.89,pW3,4133.6286,4620.0527,5067.055188432054,0.0,46.79628660215957,89.64226529299593,0.0,1.9041121527614928,5.27282052969753e-13,0.0,1.457607365411611e-14,
2006bh,2453841.89,pW4,4633.5495,5239.825,14715.237990595544,0.0,92.64295721956628,170.5471106287844,0.0,2.5388414216540185,9.871500093186172e-13,0.0,2.119927704492441e-14,
2006bh,2453841.89,pW5,5250.0826,5568.0668,6701.463366545054,0.0,47.25780181880746,45.61954075180547,0.0,0.6888231140981825,1.967470309208157e-13,0.0,3.577242063875458e-15,
2006bh,2453841.89,pW6,5594.5205,5864.4561,11323.94784517243,0.0,24.96458611407824,40.06167743916204,0.0,0.5847318568591632,1.4599018560703695e-13,0.0,2.477858862741097e-15,
2006bh,2453841.89,pW7,5889.8301,6398.9288,10102.598478270284,0.0,8.542979894388163,126.31115791579548,0.0,1.1740654087849998,4.0478091007030653e-13,0.0,4.913694205582472e-15,
2006bh,2453841.89,pW8,7860.9004,8692.8421,11107.618526159942,0.0,35.92651603570507,253.9537103317519,0.0,3.2608908209545024,2.3963973045277315e-13,0.0,4.4822801843185385e-15,
2006et,2454003.7,pW1,3768.1563,3916.9282,,0.0,,20.231628488898185,0.0,6.8250609358514325,2.9513728395116234e-14,0.0,1.1565437293974623e-14,
2006et,2454003.7,pW2,3916.9282,4065.7001,9075.434723886965,0.0,836.4028439733337,13.506581299806502,0.0,6.345232480605718,3.094216573786587e-14,0.0,1.5293196942759384e-14,
2006et,2454003.7,pW3,4083.5528,4553.6721,7556.409173275314,0.0,205.1350241876387,106.59627456236021,0.0,8.450352253459547,2.5731002067322345e-13,0.0,2.4979482233830085e-14,
2006et,2454003.7,pW4,4577.4756,5235.0475,15311.821636320976,0.0,126.19375066625824,192.1195246688009,0.0,3.6152207561026315,4.4082204669749327e-13,0.0,1.1929322971617234e-14,
2006et,2454003.7,pW5,5235.0475,5577.223000000001,7090.208135966042,0.0,305.86440523773985,48.38841251906989,0.0,3.527034268254478,9.180090298454107e-14,0.0,7.426258884760546e-15,
2006et,2454003.7,pW6,5601.0265,5853.9388,9969.689875808968,0.0,496.91550023190973,17.166265706205714,0.0,4.800909171913999,2.8557976314577116e-14,0.0,8.438900905220673e-15,
2006et,2454003.7,pW7,5853.9388,6341.9107,9330.711756975516,0.0,37.66474767853871,79.64224989857078,0.0,5.642809817934183,1.1359976293401487e-13,0.0,9.918800434162764e-15,
2006et,2454003.7,pW8,7564.816,8552.6616,13745.301328072444,0.0,296.24079260430267,248.012208464748,0.0,20.721169607208136,1.3118027442490304e-13,0.0,1.423142370078914e-14,
2006gj,2454003.85,pW1,3724.8047,3937.7487,10023.74610041474,0.0,85.60579980413294,44.774287968098285,0.0,3.4522070954655386,2.0607427027133546e-14,0.0,2.121477025660716e-15,
2006gj,2454003.85,pW2,3955.494,4088.5840000000003,8506.632008613895,0.0,574.2655024525149,17.955615226293574,0.0,1.3103213131163602,1.1398831217172001e-14,0.0,9.81169535010545e-16,
2006gj,2454003.85,pW3,4094.4991000000014,4582.4956,7297.464751155251,0.0,74.83110789635586,91.68636210199064,0.0,3.181818873137776,6.309266720949985e-14,0.0,2.5753870502478557e-15,
2006gj,2454003.85,pW4,4594.3258,5236.1152,15488.496947686468,0.0,154.7058237313377,155.61893735029543,0.0,3.3667767858965325,1.0816370183669876e-13,0.0,3.0031999809146325e-15,
2006gj,2454003.85,pW5,5253.8605,5602.852,5525.3489531668965,0.0,1088.3299907356638,71.60113501317069,0.0,5.629529740706595,4.38416020615775e-14,0.0,4.277133654321786e-15,
2006gj,2454003.85,pW6,5626.5124,5931.1405,9456.434314319436,0.0,16.154581444136006,41.84284744939124,0.0,0.9199487722031916,2.514100623786789e-14,0.0,6.432870504146848e-16,
2006gj,2454003.85,pW7,5966.6312,6368.8586,9531.67609235644,0.0,14.442531223898033,109.62590182372108,0.0,1.2989037206720262,6.352751030500911e-14,0.0,1.0251910154774064e-15,
2006gj,2454003.85,pW8,7897.9144,8604.7699,10657.151433911811,0.0,172.89538506018584,204.9627888016012,0.0,13.489634627275915,5.515183566774208e-14,0.0,5.127535638855018e-15,
2006gt,2454003.75,pW1,3675.0045,3931.1794,11362.464822144937,0.0,61.388285952332055,90.24309897140778,0.0,2.4236775836038267,4.8610678111673546e-14,0.0,2.164635356053405e-15,
2006gt,2454003.75,pW2,3931.1794,4076.7333,8843.677255480094,0.0,444.83694332811683,17.783828914629485,0.0,1.6782265612081442,1.1353751248264083e-14,0.0,1.2281040823109156e-15,
2006gt,2454003.75,pW3,4079.6444,4559.9723,9274.219174131356,0.0,125.78082904564717,93.39391418460531,0.0,5.165112906539823,5.704309962472293e-14,0.0,3.862414168230617e-15,
2006gt,2454003.75,pW4,4577.4388,5139.2769,15880.245981106636,0.0,125.66413953957544,109.79600915997446,0.0,3.4816751515815407,6.053082652045397e-14,0.0,2.4762988124096287e-15,
2006gt,2454003.75,pW5,5241.1646,5584.6718,6473.3019793133435,0.0,93.96824856763128,70.52673953209037,0.0,1.6703626391161774,3.0707999274207284e-14,0.0,9.191469950112305e-16,
2006gt,2454003.75,pW6,5605.0494,5934.0012,9083.31926272108,0.0,21.11502878815907,49.965150048521394,0.0,1.987738274589124,2.019207718288875e-14,0.0,9.301552885063183e-16,
2006gt,2454003.75,pW7,5942.7345,6402.6848,9551.20475502392,0.0,17.69127977019613,124.00630824499764,0.0,2.635294770354053,4.817613162421094e-14,0.0,1.3342190791719384e-15,
2006gt,2454003.75,pW8,7811.6466,8597.6378,11087.042598768496,0.0,134.52484992895114,280.565605207193,0.0,13.046939018844213,4.706342183193531e-14,0.0,3.3413641660296563e-15,
2006hx,2454013.65,pW2,3997.4611,4073.6929999999998,,0.0,,-1.920183672037264,0.0,2.1559174492363247,-5.953229568254379e-16,0.0,6.667760356104377e-16,
2006hx,2454013.65,pW3,4095.9273,4607.3163,12293.465829659079,0.0,926.2772701131391,41.031836473339794,0.0,11.853859412580665,1.3105183576403017e-14,0.0,4.266594393661615e-15,
2006hx,2454013.65,pW4,4616.8453,5064.7076,16221.692478678433,0.0,783.1766951541794,25.340253724364185,0.0,6.792969325005562,8.012801096306969e-15,0.0,2.2962676284868005e-15,
2006hx,2454013.65,pW5,5179.0555,5566.5676,,0.0,,8.753242198798526,0.0,2.3504765856415144,2.573569842183265e-15,0.0,6.907883217483938e-16,
2006hx,2454013.65,pW6,5566.5676,5830.2029,14285.606946570959,0.0,431.2465638831922,7.423619367763893,0.0,0.8905374734767056,2.2574948106400623e-15,0.0,2.7871790309097416e-16,
2006hx,2454013.65,pW7,5830.2029,6576.6402,10741.287979090288,0.0,457.67898631631294,53.542003984867364,0.0,14.49240599656918,1.614749904884951e-14,0.0,4.66989482927197e-15,
2006hx,2454013.65,pW8,7529.5388,8266.4471,25039.217269743618,0.0,199.70416902435124,46.84528588089846,0.0,2.5624811063988298,1.0686523173272393e-14,0.0,6.204561533595245e-16,
2006kf,2454035.81,pW1,3798.1702,4095.9677,-2093.754037911533,0.0,3838.758354942376,-18.889836389416626,0.0,5.076645641221488,-1.6304991583940636e-14,0.0,4.5875601631849745e-15,
2006kf,2454035.81,pW3,4084.055800000001,4515.8622,11292.75346728311,0.0,91.8817084923443,75.97921940434539,0.0,2.68207231252404,8.286343805826312e-14,0.0,3.642642826803343e-15,
2006kf,2454035.81,pW4,4533.73,5108.4792,17293.260867280747,0.0,132.4625575813614,110.29283655536786,0.0,3.5962039817387934,8.579502404687314e-14,0.0,3.5202657953746e-15,
2006kf,2454035.81,pW5,5188.8845,5632.6028,8266.18200640811,0.0,304.2021447306554,77.45755403084951,0.0,4.408259452852304,4.492849400655564e-14,0.0,3.134943316033593e-15,
2006kf,2454035.81,pW6,5641.5367,5873.8188,10820.305894794612,0.0,24.80973457686408,27.72809355192153,0.0,0.8364412424879001,1.4049815675250514e-14,0.0,4.791408910595932e-16,
2006kf,2454035.81,pW7,5888.7087,6368.1626,11537.738319257342,0.0,12.102478547572055,106.33497652336011,0.0,1.4830186164234815,5.029303370971167e-14,0.0,8.693228641396436e-16,
2006kf,2454035.81,pW8,7800.5686,8556.9743,12928.414605217695,0.0,206.13693724616505,144.17313177324885,0.0,6.962257840570097,2.992838819335655e-14,0.0,1.7214029085275172e-15,
2006mr,2454048.65,pW1,3791.7203,3907.9417,8811.691810355747,0.0,239.1289623993337,23.42480530541285,0.0,3.554102490577197,6.137098123536906e-14,0.0,1.11342672420887e-14,
2006mr,2454048.65,pW2,3907.2996,4015.1737,10268.273221826536,0.0,90.09745767846519,4.89310581364484,0.0,1.4355883042719872,2.055246201711411e-14,0.0,6.8714462833791046e-15,
2006mr,2454048.65,pW3,4029.9422,4474.9226,14573.567543069812,0.0,40.463679335685185,146.61926282364288,0.0,0.9947885557224287,6.476647258112564e-13,0.0,6.431985088759104e-15,
2006mr,2454048.65,pW4,4503.8175,5341.1256,13613.661453620869,0.0,60.16643236774738,142.85113740340725,0.0,5.607614304902271,6.55062734367684e-13,0.0,3.02485176269758e-14,
2006mr,2454048.65,pW6,5561.3685,5907.4644,10213.263265231792,0.0,17.142536923266672,41.07961898034402,0.0,1.2894136711154127,1.560768536733238e-13,0.0,5.571897856070983e-15,
2007A,2454106.54,pW1,3590.6942,4080.2539,13954.683056998412,0.0,78.39338527706599,104.2192404937406,0.0,3.2094420254542886,3.3270072656300624e-13,0.0,1.3687037768719156e-14,
2007A,2454106.54,pW3,4096.7791,4576.0105,10951.855603802993,0.0,464.7961478805044,81.95068301412778,0.0,9.45649021060314,2.2998118340583833e-13,0.0,3.378121650365128e-14,
2007A,2454106.54,pW4,4592.5357,5139.9336,15587.608925938313,0.0,188.43604909673354,102.21299471591558,0.0,2.331906429187541,2.2248466290981987e-13,0.0,6.2957200131533575e-15,
2007N,2454129.83,pW4,4593.4952,5494.0327,10118.22849122228,0.0,203.3770666871104,317.3536257256802,0.0,4.153784071779018,1.4852200115479326e-13,0.0,3.0530706765469586e-15,
2007N,2454129.83,pW6,5650.1258,5923.8892,7332.469844048582,0.0,37.514075724951184,23.926271316366662,0.0,1.1107462958780256,1.2142492540706482e-14,0.0,6.271422711693745e-16,
2007N,2454129.83,pW7,5959.9107,6496.6309999999985,7887.289254676458,0.0,26.870634176744154,107.75102300065856,0.0,2.059602726337918,4.9864208149575375e-14,0.0,1.1856538478914649e-15,
2007N,2454129.83,pW8,7789.8028,8582.2758,12517.641304848246,0.0,5.537988999727441,360.8130126933046,0.0,0.617611566100674,1.2612673059871484e-13,0.0,3.9495290960179964e-16,
2007S,2454131.82,pW1,3788.5574,4002.1099,3760.563133835554,0.0,833.5415777571799,-6.9805394331350135,0.0,3.4097049280176126,-7.32055104891804e-15,0.0,3.495186020110547e-15,
2007S,2454131.82,pW3,3993.8166,4537.0278,16009.276630516284,0.0,777.7669743572229,97.8521154368418,0.0,1.4432116529014118,1.0847127923599497e-13,0.0,1.9151437185234803e-15,
2007S,2454131.82,pW4,4543.2477,5215.0051,15770.572511035463,0.0,92.57441505723814,122.16314791022492,0.0,6.0734116941613765,1.2121291378406914e-13,0.0,7.261513797647998e-15,
2007af,2454163.82,pW1,3521.3009,3926.8926,18054.986854555358,0.0,47.55705920665876,155.98585165328663,0.0,2.3078946062606014,1.4820974920524663e-12,0.0,3.6671152852420335e-14,
2007af,2454163.82,pW2,3922.7113,4075.3309,10081.206526363443,0.0,79.5185864694602,14.064500240133135,0.0,0.8490589071486554,1.6305206405183622e-13,0.0,1.0887090798584032e-14,
2007af,2454163.82,pW3,4077.4215,4508.1014,11382.00478872565,0.0,62.09599404695972,87.46331566038599,0.0,1.4568803871514386,8.290175824901799e-13,0.0,1.719322153080003e-14,
2007af,2454163.82,pW4,4518.5548,5185.4814,17805.80923985486,0.0,124.36842779617871,159.58815025426637,0.0,3.8189084158725377,1.1509957627195286e-12,0.0,3.7533002549409165e-14,
2007ax,2454185.56,pW1,3641.90477561516,3952.1570017610798,13942.237333155086,0.0,66.02131703411722,120.08542973566628,0.0,5.042501940985052,1.0281709809180052e-13,0.0,8.312915777822454e-15,
2007ax,2454185.56,pW3,3946.13268669029,4572.66145405293,15098.079383485232,0.0,68.19970827066105,221.4878334696713,0.0,2.0786373451430142,3.6515292695882956e-13,0.0,5.358572613327907e-15,
2007ax,2454185.56,pW4,4572.66145405293,5247.38474198192,14834.182110741458,0.0,117.58235709641278,132.30502616628655,0.0,2.4195515811236468,1.9217251562570734e-13,0.0,4.4292021815309635e-15,
2007ax,2454185.56,pW5,5247.38474198192,5593.7828585526095,5408.550651546706,0.0,2701.405732039832,23.29691606960525,0.0,1.0113747224260754,2.6721263171618493e-14,0.0,1.2468102389060633e-15,
2007ax,2454185.56,pW6,5596.79501608801,5894.99861209234,9405.745718598808,0.0,27.27416993844095,42.79497899352658,0.0,1.56960007315756,4.526985388584965e-14,0.0,1.984052768775016e-15,
2007ax,2454185.56,pW7,5916.08371484013,6422.1261807868705,9265.834246636623,0.0,8.880308727403639,96.72499658362264,0.0,1.4900470907397154,9.289789535237217e-14,0.0,1.792753065443555e-15,
2007ax,2454185.56,pW8,7801.6943319988295,8554.733715848159,13897.509678723496,0.0,63.62618867794857,445.3861717224762,0.0,4.953452236549216,2.460120037024546e-13,0.0,6.6127995883654705e-15,
2007ba,2454199.74,pW1,3667.9246,3922.1437,11725.404889726855,0.0,82.84808355117217,104.79488454586377,0.0,2.689238493252293,5.9403724632276e-14,0.0,2.6042900381430182e-15,
2007ba,2454199.74,pW2,3920.7545,4063.1449,8975.358985700384,0.0,50.77917524087643,19.79706920909017,0.0,1.2702307946208098,1.164749141812996e-14,0.0,9.139926087918349e-16,
2007ba,2454199.74,pW3,4063.8395,4538.9374,13324.563601855745,0.0,78.80747371779755,164.98202988198955,0.0,2.2031378014042633,9.087791192034033e-14,0.0,1.842322066636285e-15,
2007ba,2454199.74,pW4,4551.44,5230.7466,13446.849197284811,0.0,119.24997823701851,133.47783393107102,0.0,2.531794740482673,6.665330772354463e-14,0.0,1.628290367758333e-15,
2007ba,2454199.74,pW5,5243.2492,5575.262,5483.141228706524,0.0,1204.5477680805134,59.97589511254203,0.0,1.8494032983566568,2.319083716865379e-14,0.0,8.860163195587651e-16,
2007ba,2454199.74,pW6,5584.9863,5903.802,9386.806349858844,0.0,10.321924800142574,47.499721557274654,0.0,0.9102902298346944,1.6821416623777203e-14,0.0,3.792694592655949e-16,
2007ba,2454199.74,pW7,5915.6099,6334.4462,9622.65235693701,0.0,9.972680396887087,116.98558197725555,0.0,0.8390025101362949,3.9691378913747624e-14,0.0,3.98978117228783e-16,
2007ba,2454199.74,pW8,7809.0556,8558.5156,11852.966238323934,0.0,56.029975807085314,285.24144227885637,0.0,6.3052572523384685,3.871290860994965e-14,0.0,1.395034411632515e-15,
2007bc,2454199.62,pW1,3572.2332,3947.1101,13139.654785784309,0.0,81.7906920505348,120.79899639936436,0.0,3.2269071960315387,4.4603384415732427e-13,0.0,1.608404190769146e-14,
2007bc,2454199.62,pW2,3959.7939,4104.9531,8839.727819335114,0.0,94.9374210063707,19.1702262028991,0.0,3.6998512375854102,7.115403703718457e-14,0.0,1.615065348513878e-14,
2007bc,2454199.62,pW3,4120.4556,4527.7466,9679.188664638988,0.0,119.43806150928141,92.2465790957452,0.0,2.884567914302384,2.8656398090253317e-13,0.0,1.2010657177309043e-14,
2007bc,2454199.62,pW4,4553.1143,5208.4448,15556.785997619529,0.0,83.94607265472628,144.8578936723849,0.0,2.448042819879406,3.166699734149793e-13,0.0,7.28219109049576e-15,
2007bc,2454199.62,pW5,5208.4448,5556.5449,8031.181837936248,0.0,75.1599307915196,75.64639121776929,0.0,0.7987962328776079,1.2292016524886094e-13,0.0,1.6109792637071407e-15,
2007bc,2454199.62,pW6,5567.8193,5952.5615,9411.581647205392,0.0,10.525059161714259,27.490173092789604,0.0,0.570021247365058,3.8182808942963205e-14,0.0,8.612676743765984e-16,
2007bc,2454199.62,pW7,5961.0176,6320.3921,9697.241184258008,0.0,2.9554313104531458,101.3224973244,0.0,0.2591579965224714,1.294595457241407e-13,0.0,4.587636653666279e-16,
2007bc,2454199.62,pW8,7842.4492,8531.6025,11553.43907749655,0.0,54.45442070670871,162.8754657567346,0.0,3.6829834348124506,7.367330533806751e-14,0.0,2.202414473207382e-15,
2007bd,2454199.64,pW1,3557.2540000000004,4070.2354,17536.50181730289,0.0,85.77703511300825,160.64385280346872,0.0,6.178106675362762,1.81377129237629e-13,0.0,1.0940476960207786e-14,
2007bd,2454199.64,pW3,4082.8497,4532.7597,11870.20591402405,0.0,81.63195512912594,87.63180985928548,0.0,1.625248786354328,9.050162529399846e-14,0.0,1.9643827267464237e-15,
2007bd,2454199.64,pW4,4532.0589,5071.6705,18136.952919981493,0.0,40.68990623642104,97.51051910284382,0.0,2.433131338310897,6.861801150223398e-14,0.0,2.208465841411313e-15,
2007bd,2454199.64,pW5,5178.892,5565.7304,7233.093286852899,0.0,37.50653490250571,64.69131902917276,0.0,4.561477992877676,3.0216956450478227e-14,0.0,2.593954765085104e-15,
2007bd,2454199.64,pW6,5591.6598,5847.4497,12076.320199939297,0.0,13.079749330129756,19.835852173253183,0.0,0.17896642307547675,8.679124699659954e-15,0.0,8.535540131836684e-17,
2007bd,2454199.64,pW7,5860.064,6303.6668,13060.527221349534,0.0,20.906430887870904,120.63670206946863,0.0,1.5530932074423955,4.9181005319376415e-14,0.0,8.584836252949448e-16,
2007bd,2454199.64,pW8,7675.821999999999,8651.3277,14984.436809100069,0.0,163.1792367365203,208.931680241568,0.0,9.489323973234224,3.3467015979644337e-14,0.0,1.915815754892973e-15,
2007ca,2454228.75,pW1,3599.1629,3942.9248,14110.548330295036,0.0,244.45792974031122,122.38639574512176,0.0,7.256713124082352,3.577380838126339e-13,0.0,3.2147419986191846e-14,
2007ca,2454228.75,pW2,3942.9248,4074.593400000001,9112.673202023145,0.0,876.1012936411367,13.323304956481829,0.0,0.7640522883022258,4.404569211807582e-14,0.0,2.795235802022278e-15,
2007ca,2454228.75,pW3,4087.4045,4516.5731,10529.812594084911,0.0,132.63321517989064,84.88937554389881,0.0,3.0918719890577075,2.461395065654825e-13,0.0,1.1410255308969609e-14,
2007ca,2454228.75,pW4,4516.5731,5096.6268,15357.478011991145,0.0,83.51226021426314,123.61859321226908,0.0,1.1066944079893979,2.86438354388564e-13,0.0,3.3299588222456066e-15,
2007ca,2454228.75,pW5,5193.4211,5602.6614,8696.077147296597,0.0,73.12699166125894,77.74864152856213,0.0,0.7832251986909651,1.5009207749157184e-13,0.0,1.839409740576601e-15,
2007ca,2454228.75,pW6,5615.4724,5916.531,9297.2184536781,0.0,446.00574299587083,10.918650888862992,0.0,0.9916314616812192,1.9767310887212002e-14,0.0,1.8677570134431565e-15,
2007ca,2454228.75,pW7,5930.0537,6298.7259,10153.774277029412,0.0,10.633103346346502,88.70744467070965,0.0,0.8922230872501651,1.4346922745271383e-13,0.0,1.946525463445597e-15,
2007ca,2454228.75,pW8,7848.1456,8537.8046,12594.14681077481,0.0,137.13840689651389,147.779181573991,0.0,6.284992078105997,9.818197111772446e-14,0.0,5.3102556759440776e-15,
2007hj,2454355.74,pW1,3660.4962,3944.8915,12971.08619778794,0.0,146.72020887039284,81.52519648133608,0.0,6.813471254891947,1.4305177030260715e-13,0.0,1.7908811747552313e-14,
2007hj,2454355.74,pW3,3965.847,4591.5167,7435.01243248778,0.0,163.74161756669244,194.1472629273928,0.0,15.629494919036832,5.198124494390012e-13,0.0,5.657710322390965e-14,
2007hj,2454355.74,pW4,4591.5167,5256.1038,14546.992941106982,0.0,87.12224332132746,226.69885139694895,0.0,2.310673540767108,5.852053906661763e-13,0.0,8.842305872672082e-15,
2007hj,2454355.74,pW5,5277.0592,5603.3655,,0.0,,31.02066314397058,0.0,6.446633654872516,5.94703497520414e-14,0.0,1.364869986305172e-14,
2007hj,2454355.74,pW6,5603.3655,5890.7544,9521.288566473122,0.0,37.19410563616435,35.444808173222114,0.0,2.0640703146135633,6.407352816155954e-14,0.0,4.192774261835307e-15,
2007hj,2454355.74,pW7,5893.7481,6417.6343,10221.318756070395,0.0,32.580436815233156,142.7840004786939,0.0,3.831142891640991,2.418591485382018e-13,0.0,8.828466833025447e-15,
2007hj,2454355.74,pW8,7812.6683,8686.8098,10978.897115006808,0.0,206.8399133558092,356.77125949787927,0.0,21.403151110596454,2.8029649551618043e-13,0.0,2.9222884375819266e-14,
2007jg,2454365.88,pW1,3799.7626,4077.9027,-5736.527932585327,0.0,2386.4017967190553,-56.0971575804131,0.0,5.151445297377318,-3.473437695912796e-14,0.0,2.485530967931961e-15,
2007jg,2454365.88,pW3,4076.5968,4499.0303,11262.040182000725,0.0,87.13415470618865,90.34367262284056,0.0,1.7549684099152325,8.394521983855179e-14,0.0,2.073425968764486e-15,
2007jg,2454365.88,pW4,4525.1467,5094.4851,19024.02795904348,0.0,111.6070782459706,129.45348959534493,0.0,2.3523345223374164,1.0528327855196808e-13,0.0,2.4791130667544113e-15,
2007jg,2454365.88,pW5,5183.281,5625.3018,8387.006132160637,0.0,124.51456736345341,90.67845443299885,0.0,2.1570372639113793,6.614606007526583e-14,0.0,1.950903351812784e-15,
2007jg,2454365.88,pW6,5623.3431,5919.1118,10244.138514593298,0.0,91.46843027881756,24.18715399036259,0.0,1.619820204519122,1.6443998648295e-14,0.0,1.1752545375377571e-15,
2007jg,2454365.88,pW7,5930.8642,6351.9918,11714.630165054728,0.0,28.914900917309193,115.61886147768259,0.0,2.2482621228817186,7.416749863963208e-14,0.0,2.004772715295738e-15,
2007jg,2454365.88,pW8,7706.1293,8515.739,18246.9977020187,0.0,148.50358492251038,357.8016382949273,0.0,14.706767649526446,1.254409422517995e-13,0.0,8.928239237242703e-15,
2007le,2454389.65,pW1,3799.2496,3901.7247,,0.0,,-4.579262555678415,0.0,3.3921244083437783,-2.146658046232534e-14,0.0,1.5545215793395512e-14,
2007le,2454389.65,pW2,3901.7247,4061.4653,12073.450237714611,0.0,62.861020186112725,11.359316399162555,0.0,1.4560628809203398,6.448931518322529e-14,0.0,9.000277058893127e-15,
2007le,2454389.65,pW3,4064.4793,4471.3658,14819.30176894464,0.0,99.68508844992495,94.8557794444088,0.0,1.3677969265254741,4.791468261505904e-13,0.0,9.208222501325248e-15,
2007le,2454389.65,pW4,4501.5055,5062.1047,21569.533201132155,0.0,242.0868980395512,146.29368035357928,0.0,6.261570195450625,5.489407677642416e-13,0.0,3.285042944204685e-14,
2007le,2454389.65,pW5,5152.5239,5610.648,9466.688600336072,0.0,1624.079015054873,65.57248946930925,0.0,6.512648217380349,2.1377111687285506e-13,0.0,2.523941109588152e-14,
2007le,2454389.65,pW6,5634.7598,5812.5843,12879.522303542151,0.0,63.38926437929585,14.312359170268344,0.0,1.3304335193538048,4.292457109937477e-14,0.0,4.359003093866025e-15,
2007le,2454389.65,pW7,5833.6821,6312.904,14932.13486916321,0.0,72.10757233361925,129.61938603846494,0.0,4.691869052657277,3.727145595076989e-13,0.0,1.9382419852254583e-14,
2007le,2454389.65,pW8,7554.6613,8470.9095,24454.609314994264,0.0,16.364513415366126,343.1487038603663,0.0,5.951734723989356,4.690555763398573e-13,0.0,1.3875275165558798e-14,
2007nq,2454401.61,pW2,3925.4081,4102.3872,9452.060104151224,0.0,23.49822481878925,26.34980172735721,0.0,0.8407473846685304,2.263817117709114e-14,0.0,8.590621993730061e-16,
2007nq,2454401.61,pW3,4142.7846,4600.6216,8996.417854782041,0.0,107.54199071470885,85.49988361580091,0.0,4.309221925954883,6.657859390456912e-14,0.0,4.010163521913961e-15,
2007nq,2454401.61,pW4,4616.0111,5189.2693,16638.021378042195,0.0,142.30952719042838,141.68888894133582,0.0,5.155713528877551,8.878916024634891e-14,0.0,4.495516077591488e-15,
2007nq,2454401.61,pW5,5193.1167,5618.2511,7816.042656057792,0.0,93.16025812881,87.60868396198788,0.0,2.061121294512818,4.4028772628705206e-14,0.0,1.290453058082552e-15,
2007nq,2454401.61,pW6,5618.2511,5941.4302,10455.076468866531,0.0,29.397902872937237,29.683302189102623,0.0,1.4381339409040417,1.3040967961589943e-14,0.0,6.932908717241852e-16,
2007nq,2454401.61,pW7,5941.4302,6305.0067,10821.683918596582,0.0,15.161449957785948,117.41136857993229,0.0,1.0598873297083975,4.6153304962038804e-14,0.0,6.135663429658709e-16,
2007nq,2454401.61,pW8,7790.0917,8580.7263,10911.28396523306,0.0,106.81069527527849,224.22328781500758,0.0,10.373168150118056,3.0080163576174613e-14,0.0,1.9149705462720358e-15,
2007on,2454415.79,pW1,3799.6544,3914.4823,,0.0,,-6.707214622400619,0.0,4.13181368687653,-2.2082955325559187e-13,0.0,1.1746288880161473e-13,
2007on,2454415.79,pW2,3935.6347,4104.8547,9802.687813344524,0.0,107.14203692686438,20.14361083632791,0.0,4.638760395902609,7.371445842325951e-13,0.0,1.9437701438950768e-13,
2007on,2454415.79,pW3,4113.9201,4482.5779,11392.066773940647,0.0,45.13668410986503,73.58062962043,0.0,2.4255365990210564,2.264215909009731e-12,0.0,9.544696722570239e-14,
2007on,2454415.79,pW4,4500.7086,5099.022,16835.881096698515,0.0,25.219608564344693,88.92854551738913,0.0,3.3402912902631154,2.039469902023406e-12,0.0,9.296271412798814e-14,
2007on,2454415.79,pW5,5189.6756,5591.573,8111.794196218057,0.0,136.19910486163047,60.83320433316189,0.0,2.4994525745319565,9.992209628352971e-13,0.0,4.937039597660008e-14,
2007on,2454415.79,pW6,5606.682,5914.904,10230.5761591795,0.0,14.609803037706008,36.41943365849085,0.0,0.7343318477797746,5.368139686415869e-13,0.0,1.2187920834117774e-14,
2007on,2454415.79,pW7,5914.904,6304.7143,11316.249333984511,0.0,13.600014287547145,114.52336515822266,0.0,1.0112476278193614,1.5905804421620226e-12,0.0,2.006616157156342e-14,
2007on,2454415.79,pW8,7788.4109,8555.9443,12617.210694886346,0.0,23.341821840831024,206.744198862518,0.0,2.085297033059351,1.2896341012493735e-12,0.0,1.8114430661459467e-14,
2008R,2454496.53,pW1,3716.9175398884004,3995.76834066118,8524.97173197059,0.0,41.565361430913576,92.13432304537136,0.0,0.9344109201000452,1.4080977685580647e-13,0.0,2.1562929810989886e-15,
2008R,2454496.53,pW3,3995.0146898482794,4615.52052580211,23622.039782403397,0.0,7637.135466197104,165.64282869998073,0.0,0.8282997646358751,3.072070848309184e-13,0.0,2.078297479278667e-15,
2008R,2454496.53,pW4,4615.52052580211,5303.10128410399,12202.793891695226,0.0,86.94110082371202,156.78354965219205,0.0,1.94345420094771,2.391863554437398e-13,0.0,3.638850038861374e-15,
2008R,2454496.53,pW5,5313.90361242221,5663.59758960753,2410.3512029782933,0.0,32.31455277713284,71.31786276130144,0.0,0.5516883403418039,8.192610899678618e-14,0.0,7.8280007920420235e-16,
2008R,2454496.53,pW6,5663.59758960753,5985.90892059083,5766.404644782934,0.0,9.527695695978707,51.49383156046184,0.0,0.7348987835851595,5.3491506523851624e-14,0.0,9.12136093517381e-16,
2008R,2454496.53,pW7,5985.6577036532,6449.40417052396,5930.385331240471,0.0,7.65892945127874,129.89035776214905,0.0,0.8072631426640279,1.285183352263704e-13,0.0,1.109303670380853e-15,
2008R,2454496.53,pW8,7922.540292804631,8762.107298374549,7381.309041388737,0.0,64.79833308966768,254.57685943872409,0.0,7.836640190689683,1.0297482817731293e-13,0.0,4.5446591433127955e-15,
2008bc,2454539.52,pW1,3797.3667,4071.9066,4272.272086273814,0.0,216.77147547366204,-35.43531325702365,0.0,5.885353167447206,-5.4261153186656223e-14,0.0,8.51802499896822e-15,
2008bc,2454539.52,pW3,4061.2448,4485.0491,13851.340370477405,0.0,105.87369100313076,77.08199936990567,0.0,2.503658270106152,1.7660986569877994e-13,0.0,6.884213179137085e-15,
2008bc,2454539.52,pW4,4501.0417,5063.4485,19522.07544202655,0.0,200.75482134020612,104.22927877595636,0.0,3.0446854007148048,2.1752040730352664e-13,0.0,7.848947947331171e-15,
2008bc,2454539.52,pW5,5151.4079,5617.8591,9636.683574164506,0.0,132.83845282945163,70.68271499226128,0.0,2.1407845195081427,1.2460930179650784e-13,0.0,4.396132561864553e-15,
2008bc,2454539.52,pW6,5623.19,5847.0865,12309.133359212366,0.0,100.58952925961519,12.399644888275912,0.0,1.0848970617760878,1.7869790063815175e-14,0.0,1.6823730428473834e-15,
2008bf,2454545.73,pW1,3571.2985,3917.765,18623.39521913251,0.0,39.03699059170253,129.84298131599735,0.0,5.558193532825348,2.1591316380756958e-13,0.0,1.6260825769939377e-14,
2008bf,2454545.73,pW2,3935.283,4036.4979,,0.0,,4.180541261889057,0.0,0.7144697702749109,7.478082414592443e-15,0.0,1.3234764838245598e-15,
2008bf,2454545.73,pW3,4044.2837,4486.1258,13370.408733663397,0.0,242.8121494276099,78.6360864635934,0.0,4.9965778549673425,1.0570652568009627e-13,0.0,8.527998373380206e-15,
2008bf,2454545.73,pW4,4503.6437,5073.9509,17772.09179645469,0.0,115.92574765777135,69.79259232534497,0.0,1.773047438227134,5.920374352534787e-14,0.0,1.733879438587881e-15,
2008bf,2454545.73,pW5,5159.5943,5587.8114,9134.204887017631,0.0,155.35738460580458,53.4628067497071,0.0,1.4010919281810579,3.287088931488938e-14,0.0,9.694484994940564e-16,
2008bf,2454545.73,pW6,5591.7042,5827.2236,10907.264033052224,0.0,91.923198450468,4.272524350760927,0.0,0.8104758786279185,2.1077989715207687e-15,0.0,4.1128605930771884e-16,
2008bf,2454545.73,pW7,5827.2236,6356.6555,12474.157901598264,0.0,18.12554827978625,78.34092575499697,0.0,1.2776267172592104,3.542739314823036e-14,0.0,6.757800792133362e-16,
2008bf,2454545.73,pW8,7629.6279,8466.5975,20692.857806121083,0.0,70.94379230518976,149.1876675205521,0.0,7.184017688200033,2.9137269236649766e-14,0.0,1.6349698721626218e-15,
2008fp,2454726.83,pW1,3643.4591,4075.9277,13731.841746157581,0.0,58.41846290474161,83.56739906787242,0.0,5.31057124908946,6.657492530019715e-13,0.0,5.6280943813660176e-14,
2008fp,2454726.83,pW3,4085.8467000000014,4583.7809,12951.450606279519,0.0,53.34424859957586,94.95228584117645,0.0,3.0323102331618594,7.766473654423077e-13,0.0,3.2080606040533086e-14,
2008fp,2454726.83,pW4,4593.6999,5169.0023,15149.043455908002,0.0,316.8508186378744,98.72191789084732,0.0,1.2932068212627188,6.530470658965693e-13,0.0,1.0314176914525128e-14,
2008fp,2454726.83,pW5,5180.9051,5653.0498,6063.1928609354345,0.0,1238.2021637663133,56.5230240875399,0.0,1.1804969130806042,3.2749245292508917e-13,0.0,7.792348748357641e-15,
2008fp,2454726.83,pW6,5653.0498,5936.7334,7839.119220218202,0.0,273.8713275457573,13.106724635949671,0.0,0.5169785169076677,6.861054089987869e-14,0.0,2.8316667026090323e-15,
2008fp,2454726.83,pW7,5938.7172,6299.769,10587.091978591608,0.0,13.010195797774873,63.92051080198714,0.0,0.7168979048740968,3.021169437064115e-13,0.0,4.151677299052716e-15,
2008fp,2454726.83,pW8,7787.62,8472.0314,20897.92891301028,0.0,5145.507719957899,77.88270524260027,0.0,6.047246626943762,1.5376664526142866e-13,0.0,1.3263482778824115e-14,
2008gl,2454766.67,pW1,3798.5251,3910.2966,7790.605248649641,0.0,3723.1932340169487,-4.6901118267423305,0.0,3.556241461312558,-6.371219251823245e-15,0.0,4.191694013445271e-15,
2008gl,2454766.67,pW2,3916.1793,4086.7778,10079.70482669328,0.0,102.63932115956386,19.42558400041332,0.0,1.9823240546079568,3.0517347851620114e-14,0.0,3.547814986831229e-15,
2008gl,2454766.67,pW3,4092.6606,4519.1569,10839.904143332647,0.0,52.32959248867001,94.34158581971852,0.0,1.465035240666646,1.273075211436435e-13,0.0,2.5860122364390728e-15,
2008gl,2454766.67,pW4,4525.0396,5107.4278,18349.216384256542,0.0,59.58307063652631,132.39708294807843,0.0,2.47762350190741,1.254809832643021e-13,0.0,3.0420374747735158e-15,
2008gl,2454766.67,pW5,5160.3722,5642.7543,8800.15083073082,0.0,69.29223501498521,88.58587383413256,0.0,0.8480661099250136,6.314271410921658e-14,0.0,7.396327427788338e-16,
2008gl,2454766.67,pW6,5651.5784,5922.183000000001,10494.778450555958,0.0,30.7537073730148,21.42344753452741,0.0,0.9301196785479956,1.326888401297752e-14,0.0,6.309090533028249e-16,
2008gl,2454766.67,pW7,5928.0657,6316.3245,11450.388666270132,0.0,13.523035793169608,114.536938525965,0.0,1.047201488897378,6.30853989537107e-14,0.0,8.06005166930948e-16,
2008gl,2454766.67,pW8,7757.5881,8522.3402,12255.93722254061,0.0,48.95332862934278,137.25748850967236,0.0,3.7596969072844577,2.5486293827471127e-14,0.0,8.686471506121942e-16,
2008hv,2454810.81,pW1,3501.3745,3935.3343,18135.567830117117,0.0,81.34990639431814,145.13325962062154,0.0,2.7684778285236202,1.0329319674010573e-12,0.0,2.93720927991865e-14,
2008hv,2454810.81,pW2,3937.9966,4084.4247,9451.061274980197,0.0,54.70784035953502,13.428512108392361,0.0,1.211501672246659,9.565942793102124e-14,0.0,9.654488735410432e-15,
2008hv,2454810.81,pW3,4089.7493999999997,4502.4105,12190.122327306972,0.0,155.8973022600299,72.35214512461798,0.0,2.9772524814505115,4.061730286195281e-13,0.0,2.0859197297766424e-14,
2008hv,2454810.81,pW4,4502.4105,5090.7854,18256.55500126475,0.0,56.52369512505686,99.49579771014776,0.0,1.5013184733048934,3.7848274259052905e-13,0.0,6.996503013185678e-15,
2008hv,2454810.81,pW5,5175.9799,5628.576,8526.225884242038,0.0,272.54086347842167,66.26740582191948,0.0,2.9872345914804974,1.8696783457368972e-13,0.0,1.009764133496858e-14,
2008hv,2454810.81,pW6,5628.576,5865.5233,10539.947481966608,0.0,73.8596287710713,15.121076377847665,0.0,0.833442948345434,3.553400432104451e-14,0.0,2.0965354950295625e-15,
2008ia,2454810.77,pW1,3529.1375,4030.5448999999994,12654.237677246805,0.0,96.00623810868997,171.01218530162438,0.0,4.200982207525119,4.2931856562771455e-13,0.0,1.5843753589271124e-14,
2008ia,2454810.77,pW3,4033.2406,4615.5201,5569.13150721813,0.0,253.0039958337031,99.69267066607365,0.0,8.648557247761305,2.356703086514998e-13,0.0,2.525052376454216e-14,
2008ia,2454810.77,pW4,4626.303,5211.2782,12272.647852472754,0.0,106.98220173081609,127.24659732248533,0.0,3.0207227182712226,2.1119086117910906e-13,0.0,6.694205104632952e-15,
2008ia,2454810.77,pW5,5211.2782,5645.2921,3491.8607537290227,0.0,1118.8448552626403,75.56648246307522,0.0,2.891555819281301,9.353273038880073e-14,0.0,4.4008990008975545e-15,
2008ia,2454810.77,pW6,5647.9879,5812.4279,,0.0,,1.5575083545975146,0.0,1.070453455119601,1.7496381816462167e-15,0.0,1.1985056028931594e-15,
2009D,2454836.62,pW1,3574.4635,3945.8844,16474.949536069744,0.0,32.20890756182372,118.58562732567529,0.0,0.914839559610451,2.75927813578947e-13,0.0,3.274244937214424e-15,
2009D,2454836.62,pW2,3945.8844,4068.3950000000004,7128.330409810121,0.0,12.316904690780504,10.745387408068597,0.0,0.3035923962780824,2.631615430935785e-14,0.0,8.144064443411037e-16,
2009D,2454836.62,pW3,4082.0073,4503.9881,12857.247770117407,0.0,110.98942071528454,91.51060299796546,0.0,0.8681399888160881,1.895005744178063e-13,0.0,2.247571806856309e-15,
2009D,2454836.62,pW4,4513.7111,5104.8732,18298.45364912743,0.0,70.6770922343613,114.81383855292104,0.0,1.7263351942793854,1.6561208280551203e-13,0.0,3.2056089306209355e-15,
2009D,2454836.62,pW5,5188.4915,5670.7553,7315.824334141177,0.0,187.57923612350058,65.87949799247362,0.0,1.340815294206755,6.914941541692014e-14,0.0,1.6661788572005235e-15,
2009D,2454836.62,pW6,5674.6446,5892.4411,9523.932566559572,0.0,123.5770552805044,7.103335009865799,0.0,0.6454072655869133,6.0350686905876035e-15,0.0,5.67397354612888e-16,
2009D,2454836.62,pW7,5898.2749,6294.9758,10975.543990670933,0.0,30.680029157235392,73.17705520087296,0.0,1.2319702231881446,5.554932260644179e-14,0.0,1.1569986751359595e-15,
2009D,2454836.62,pW8,7765.1026,8457.3845,18716.733370941343,0.0,87.14046792020298,133.4901088526384,0.0,3.5507816930879486,4.061863673857813e-14,0.0,1.2618416761708308e-15,
2009F,2454836.67,pW1,3650.4469,3927.9151,12021.390950104043,0.0,100.22214827288822,87.70969561509644,0.0,3.534397495212922,4.389619915451039e-14,0.0,2.661720362077811e-15,
2009F,2454836.67,pW2,3920.0437,4057.7939,9606.306357719212,0.0,75.20089816649907,18.531774702769052,0.0,1.5618368773414475,1.0205679577872917e-14,0.0,1.0089819377313182e-15,PEW is very narrow here. 
2009F,2454836.67,pW3,4057.7939,4512.3694,13862.906537252915,0.0,96.39437776727034,136.42151712366902,0.0,2.3252227797353884,6.814028371642681e-14,0.0,1.680046447729277e-15,
2009F,2454836.67,pW4,4524.1766,5077.1451,20364.606787889,0.0,10926.037371656814,85.07085244620328,0.0,1.5053566568625811,3.629222130417355e-14,0.0,7.771587373284955e-16,
2009F,2454836.67,pW5,5179.4739,5553.3672,,0.0,,23.83815690581562,0.0,2.044437491359727,7.334819503414724e-15,0.0,6.721601187099133e-16,
2009F,2454836.67,pW6,5565.1743,5887.9033,10786.040543275987,0.0,9.095703158944902,35.58411656079278,0.0,0.3735532561876789,9.731279134840089e-15,0.0,1.1527185136073665e-16,
2009F,2454836.67,pW7,5891.839,6279.5074,11251.06067822173,0.0,18.718832333954555,78.774509778624,0.0,1.5158370560755243,1.8763721856201473e-14,0.0,4.611902251348625e-16,
2009F,2454836.67,pW8,7769.1771,8528.7709,12286.644518865704,0.0,41.675401138516605,206.3878244606962,0.0,5.017994319406716,2.6453923746887268e-14,0.0,8.86408970442423e-16,
2009Y,2454870.83,pW1,3798.3697,4016.1398,1493.7871507264838,0.0,4611.845237244477,-9.37170585054353,0.0,5.5192355739696515,-9.59184803673084e-14,0.0,5.729777884951097e-14,
2009Y,2454870.83,pW3,4024.0587,4463.5583,14566.570290670346,0.0,75.37609417637988,106.76678901956939,0.0,2.2508386508921334,1.2017418189294933e-12,0.0,3.409395766785959e-14,
2009Y,2454870.83,pW4,4509.092,5099.0509,,0.0,,172.22396570806575,0.0,1.6201765059204092,1.3832947807305053e-12,0.0,1.8450523588369966e-14,
2009Y,2454870.83,pW5,5150.5238,5542.5099,11518.204411138537,0.0,1818.6199433986442,48.825479703212544,0.0,6.132620935734838,2.6729148312163923e-13,0.0,3.958579275798404e-14,
2009Y,2454870.83,pW6,5550.4288,5815.7124,13314.90777978161,0.0,142.00282994579857,5.032192286094255,0.0,0.6117222758347086,2.5416912305556378e-14,0.0,3.1682292044628768e-15,
2009Y,2454870.83,pW7,5815.7124,6288.8673,15622.345721408881,0.0,11.5220499918201,136.66105977016218,0.0,0.31349053339766725,6.451925047244721e-13,0.0,2.1904783830147037e-15,
2009Y,2454870.83,pW8,7504.4202,8484.3855,18561.65776480528,0.0,29.421815607888632,205.0510765084643,0.0,2.4216514095659645,3.5405732062809644e-13,0.0,5.279406513559158e-15,
2009aa,2454870.74,pW1,3644.4482,3936.2037,11807.925387874022,0.0,39.06970949837943,75.20310169348953,0.0,0.9560053090429158,7.592219704076525e-14,0.0,1.2815443826833953e-15,
2009aa,2454870.74,pW2,3947.8739,4085.9715,8518.999037667363,0.0,906.2255152376692,19.330529209427148,0.0,2.450218701972256,1.947898005191932e-14,0.0,2.9252185886065704e-15,
2009aa,2454870.74,pW3,4080.1364,4511.9346,11439.106598763688,0.0,91.81762459913546,75.58230931081972,0.0,1.7609986126238124,6.280013184208292e-14,0.0,1.8239106524697657e-15,
2009aa,2454870.74,pW4,4519.7147,5200.4776,15115.296741659184,0.0,97.23090991518742,100.17150589776323,0.0,2.555276767191487,5.859823784801315e-14,0.0,1.7424028241639107e-15,
2009aa,2454870.74,pW5,5219.928,5622.5506,6177.347547714179,0.0,1508.1806954749175,59.012838070751435,0.0,8.600144007984072,2.5706399398667696e-14,0.0,4.535340321199465e-15,
2009aa,2454870.74,pW6,5624.4956,5941.5366,9673.755544734453,0.0,12.522585612486642,24.342259605719995,0.0,0.2680158144492807,9.433716365439487e-15,0.0,1.124205590913204e-16,
2009aa,2454870.74,pW7,5953.2068,6305.2585,10204.157906193794,0.0,5.9147136288688875,78.5967234575804,0.0,0.4387218035192305,2.7446117223481768e-14,0.0,1.9873960538944904e-16,
2009aa,2454870.74,pW8,7760.146,8528.4356,10979.878368219901,0.0,23.09811700817737,112.44234903601102,0.0,3.4129876710591662,1.6944261211053214e-14,0.0,6.079914406820655e-16,
2009ab,2454873.54,pW2,3998.889,4082.7526999999995,,0.0,,-0.9278993867823006,0.0,0.5349721739789238,-1.9906633813333237e-15,0.0,1.1195082535284447e-15,
2009ab,2454873.54,pW3,4082.7526999999995,4509.3635,10947.087793994908,0.0,158.48777419227778,63.6524709087134,0.0,3.519566788224871,1.280276697583727e-13,0.0,8.546092615951812e-15,
2009ab,2454873.54,pW4,4509.3635,5087.2934,16533.665787492806,0.0,42.6435298068137,76.95518366279059,0.0,1.6851214937333039,1.138101432499867e-13,0.0,2.987978384400634e-15,
2009ab,2454873.54,pW5,5182.0958,5570.421,8798.511421749137,0.0,77.61503074267465,63.150911770928644,0.0,1.0386445756936709,7.53369722335118e-14,0.0,1.4362139346173313e-15,
2009ab,2454873.54,pW6,5581.3598,5955.1,10046.331836028563,0.0,21.57636063637737,31.569385794116386,0.0,0.6994452145197538,3.3111283507171165e-14,0.0,8.014086751598405e-16,
2009ab,2454873.54,pW7,5966.0387,6306.9627,10571.354608697558,0.0,8.234182471477979,70.71519208220147,0.0,0.45464099252447604,6.682392640983187e-14,0.0,5.494218492683127e-16,
2009ab,2454873.54,pW8,7775.5236,8518.8516,12234.21696261647,0.0,20.561290208544772,108.88306673752525,0.0,1.1745431594086142,4.94607082112706e-14,0.0,6.44462771536661e-16,
2009ad,2454877.59,pW2,3945.9813,4039.6408,,0.0,,7.31618596331068,0.0,1.3419445331606759,1.0134529240088381e-14,0.0,2.0049865413478786e-15,
2009ad,2454877.59,pW3,4045.0443,4572.7798,10734.951509063825,0.0,288.5780553554342,83.05460800948332,0.0,5.0813063782257055,8.796472789555654e-14,0.0,6.7782214965317135e-15,
2009ad,2454877.59,pW4,4581.7855,5161.7543,14510.129033659865,0.0,34.157467126804406,73.00029366842524,0.0,1.416806130418792,5.2747087276139614e-14,0.0,1.16838508273964e-15,
2009ad,2454877.59,pW5,5188.7715,5603.0349,8145.180031820049,0.0,239.79332215220975,39.53394760734496,0.0,2.6351234507002004,2.1681301905386567e-14,0.0,1.6312380916716341e-15,
2009ad,2454877.59,pW6,5613.8417,5911.0307,10085.813708819449,0.0,152.29853277607043,12.182359355675581,0.0,0.96604180407426,5.5894580414129275e-15,0.0,4.655586658729366e-16,
2009ad,2454877.59,pW7,5936.2467,6213.6231,11310.833375373004,0.0,66.87248660709908,34.084488363776,0.0,2.9421077221734486,1.3150621329106528e-14,0.0,1.3196996258992902e-15,
2009ad,2454877.59,pW8,7582.4629,8447.4783,20218.801767292887,0.0,23.004322440094004,50.37857434666488,0.0,3.8744164184388494,7.363389348577332e-15,0.0,6.160922241986838e-16,
2009ag,2454885.63,pW1,3797.6054,3960.4348,6472.811618076961,0.0,2542.004327383756,-18.027974417380197,0.0,6.893819007781585,-2.615331477855229e-13,0.0,9.1342588840974e-14,
2009ag,2454885.63,pW2,3960.4348,4090.0952,8282.64522799814,0.0,101.71401542150889,12.161746838260022,0.0,1.661056443410338,2.3147046188917507e-13,0.0,3.514182322447558e-14,
2009ag,2454885.63,pW3,4090.0952,4533.3531,10150.816614646254,0.0,53.22499806531633,105.26911215215345,0.0,1.7617697727961539,1.6242569451796638e-12,0.0,3.648254076592809e-14,
2009ag,2454885.63,pW4,4548.4299,5124.3635,17789.924008069178,0.0,238.01722584858808,140.40926538043283,0.0,6.526489697452144,1.4502066182759724e-12,0.0,9.377783895150449e-14,
2009ag,2454885.63,pW5,5202.7629,5555.56,7944.282990404032,0.0,152.51532473552427,67.04193922426336,0.0,2.695988077717198,4.781834624559201e-13,0.0,2.4405432675937473e-14,
2009ag,2454885.63,pW6,5579.6828,5911.3724,8904.408611928704,0.0,34.385051822869116,14.62201757347436,0.0,0.8208118752975037,8.040780260168335e-14,0.0,4.859661050499154e-15,
2009ag,2454885.63,pW7,5920.4185,6327.492,10256.736306108713,0.0,6.871561773611921,104.82363344132882,0.0,0.5715493808446773,5.410758456391997e-13,0.0,4.0114838907781824e-15,
2009ag,2454885.63,pW8,7771.8492,8531.7198,16315.645309790845,0.0,158.03437677753377,272.55618110525523,0.0,2.855015937649547,5.522864107816538e-13,0.0,8.642496966658978e-15,
